é¿çsâÒêî,F_1,F_2,F_3,F_4,F_5,F_6,ïΩãœ,
1,0.868222,0.499495,0.504649,0.921847,0.942051,0.537832,0.712349, 
2,0.000000,0.602992,0.599884,0.946108,0.160575,0.777551,0.514518, 
3,0.672883,0.218565,0.842276,0.718325,0.610283,0.978602,0.673489, 
4,0.531068,0.462466,0.888461,0.867642,0.867115,0.905568,0.753720, 
5,0.576695,0.783957,0.770823,0.962724,0.888445,0.827491,0.801689, 
6,0.643131,0.875469,0.755940,0.824334,0.907680,0.925221,0.821963, 
7,0.627556,0.848324,0.684932,0.892428,0.514319,0.721943,0.714917, 
8,0.522167,0.341127,0.788644,0.934344,0.890423,0.746397,0.703850, 
9,0.388972,0.792171,0.552263,0.953787,0.737034,0.917548,0.723629, 
10,0.466056,0.907120,0.792171,0.704000,0.824997,0.753170,0.741252, 
11,0.244857,0.297794,0.309470,0.704643,0.703326,0.666704,0.487799, 
12,0.519548,0.769276,0.831633,0.860795,0.778054,0.770693,0.755000, 
13,0.408894,0.598802,0.687676,0.106385,0.772623,0.579543,0.525654, 
14,0.564348,0.768076,0.526968,0.928622,0.962774,0.704565,0.742559, 
15,0.306509,0.645897,0.736324,0.133336,0.559609,0.819305,0.533496, 
16,0.510914,0.733138,0.000000,0.836891,0.372650,0.358246,0.468640, 
17,0.020990,0.375714,0.858025,0.506912,0.638923,0.735974,0.522757, 
18,0.684197,0.523977,0.733595,0.909450,0.761117,0.845089,0.742904, 
19,0.058442,0.687169,0.890159,0.760871,0.744707,0.704026,0.640896, 
20,0.624008,0.000000,0.889222,0.742168,0.631262,0.932085,0.636458, 
21,0.829021,0.786155,0.743473,0.418741,0.609882,0.877606,0.710813, 
22,0.963148,0.380234,0.793418,0.920690,0.546678,0.741750,0.724320, 
23,0.791268,0.943047,0.946228,0.856774,0.778712,0.882817,0.866474, 
24,0.630705,0.000000,0.682313,0.657852,0.873135,0.825289,0.611549, 
25,0.925175,0.490348,0.233602,0.823254,0.649252,0.710396,0.638671, 
26,0.441727,0.592417,0.531899,0.962147,0.786363,0.657813,0.662061, 
27,0.157113,0.232556,0.552632,0.777548,0.837113,0.835118,0.565346, 
28,0.017322,0.701403,0.473667,0.328989,0.810312,0.776307,0.518000, 
29,0.000000,0.293915,0.458716,0.666190,0.816118,0.766500,0.500240, 
30,0.671149,0.475849,0.864055,0.906302,0.779628,0.971712,0.778116, 
31,0.777696,0.430521,0.830109,0.463958,0.552764,0.881438,0.656081, 
32,0.046899,0.664957,0.349287,0.943937,0.421992,0.855574,0.547108, 
33,0.734292,0.686065,0.165041,0.761275,0.901373,0.839339,0.681231, 
34,0.618608,0.763359,0.395490,0.902262,0.964198,0.807874,0.741965, 
35,0.000000,0.770669,0.765062,0.681806,0.770955,0.601677,0.598361, 
36,0.043478,0.462025,0.576606,0.304054,0.929811,0.824261,0.523373, 
37,0.391920,0.215419,0.964064,0.608158,0.798969,0.730521,0.618175, 
38,0.493570,0.000000,0.642488,0.664871,0.599676,0.796401,0.532834, 
39,0.077212,0.767428,0.893961,0.922114,0.885717,0.614489,0.693487, 
40,0.812399,0.836256,0.638424,0.874200,0.943793,0.718291,0.803894, 
41,0.612146,0.764058,0.000000,0.548387,0.696667,0.796358,0.569603, 
42,0.100190,0.751445,0.622010,0.887324,0.415573,0.902977,0.613253, 
43,0.225918,0.462269,0.446414,0.591304,0.662893,0.852809,0.540268, 
44,0.507082,0.000000,0.654206,0.615385,0.760901,0.601379,0.523159, 
45,0.791586,0.713011,0.802907,0.661157,0.894479,0.933300,0.799407, 
46,0.021244,0.129365,0.948532,0.678869,0.465066,0.753541,0.499436, 
47,0.614662,0.693597,0.595883,0.914282,0.859275,0.664995,0.723782, 
48,0.425058,0.049464,0.400844,0.741962,0.663130,0.729018,0.501579, 
49,0.682429,0.717995,0.651869,0.857732,0.595389,0.777451,0.713811, 
50,0.444524,0.837321,0.872063,0.931839,0.789478,0.918632,0.798976, 
51,0.260951,0.456058,0.090083,0.882993,0.574855,0.695844,0.493464, 
52,0.741985,0.278551,0.668867,0.464623,0.588235,0.809523,0.591964, 
53,0.171752,0.602429,0.664927,0.920267,0.879179,0.748391,0.664491, 
54,0.939641,0.427945,0.820141,0.615385,0.903694,0.864879,0.761948, 
55,0.559860,0.000000,0.015117,0.389538,0.544694,0.703396,0.368767, 
56,0.655753,0.106940,0.502213,0.480349,0.888574,0.520968,0.525800, 
57,0.000000,0.661283,0.582166,0.709892,0.662728,0.741433,0.559584, 
58,0.850218,0.879731,0.587619,0.442865,0.749045,0.741754,0.708539, 
59,0.891839,0.733138,0.851512,0.851936,0.695802,0.791942,0.802695, 
60,0.135913,0.234589,0.893577,0.560000,0.714257,0.769600,0.551323, 
61,0.549224,0.292373,0.663130,0.698789,0.497018,0.801684,0.583703, 
62,0.870968,0.847425,0.409604,0.823450,0.953261,0.964870,0.811596, 
63,0.071866,0.732603,0.746269,0.738602,0.871687,0.986549,0.691263, 
64,0.917197,0.416314,0.876432,0.818340,0.697762,0.852072,0.763020, 
65,0.800000,0.297316,0.610689,0.487395,0.641077,0.977035,0.635585, 
66,0.708309,0.886471,0.475275,0.901965,0.788796,0.960328,0.786858, 
67,0.000000,0.895141,0.615022,0.943599,0.961721,0.933971,0.724909, 
68,0.613497,0.000000,0.661428,0.741259,0.844600,0.813152,0.612323, 
69,0.851668,0.237527,0.626844,0.489552,0.954903,0.703165,0.643943, 
70,0.690344,0.717507,0.872107,0.717775,0.774883,0.637625,0.735040, 
71,0.656379,0.819672,0.772805,0.913675,0.806275,0.857750,0.804426, 
72,0.966539,0.422292,0.408120,0.796725,0.905724,0.816311,0.719285, 
73,0.895028,0.511990,0.726360,0.858277,0.784664,0.910496,0.781136, 
74,0.733286,0.000000,0.892835,0.822865,0.547411,0.776972,0.628895, 
75,0.729927,0.659929,0.144774,0.334928,0.781839,0.467729,0.519854, 
76,0.917489,0.788153,0.915673,0.896821,0.720960,0.870734,0.851638, 
77,0.683671,0.000000,0.576088,0.698611,0.593546,0.768869,0.553464, 
78,0.081330,0.803004,0.703432,0.605327,0.757139,0.631359,0.596932, 
79,0.470725,0.693069,0.522146,0.074570,0.839429,0.645312,0.540875, 
80,0.458984,0.359386,0.786633,0.604651,0.861893,0.777245,0.641466, 
81,0.049472,0.139945,0.938520,0.579882,0.747970,0.738389,0.532363, 
82,0.724321,0.732699,0.575244,0.737572,0.804739,0.882173,0.742791, 
83,0.332119,0.344109,0.180047,0.434783,0.654198,0.744344,0.448267, 
84,0.508357,0.513143,0.761132,0.865145,0.941319,0.909707,0.749801, 
85,0.695757,0.333272,0.945758,0.810418,0.730138,0.894314,0.734943, 
86,0.551593,0.009008,0.824946,0.516331,0.631550,0.695195,0.538104, 
87,0.778458,0.955010,0.666566,0.900224,0.944962,0.674586,0.819968, 
88,0.582354,0.000000,0.881115,0.793626,0.904651,0.695854,0.642933, 
89,0.429424,0.111984,0.000000,0.500000,0.889805,0.533997,0.410868, 
90,0.000000,0.898095,0.784417,0.902090,0.765359,0.911047,0.710168, 
91,0.556965,0.871080,0.707830,0.935460,0.870320,0.811981,0.792273, 
92,0.322680,0.733138,0.689125,0.983125,0.886128,0.973031,0.764538, 
93,0.301058,0.933491,0.656555,0.661157,0.815449,0.790669,0.693063, 
94,0.000000,0.751445,0.707495,0.905651,0.763024,0.906840,0.672409, 
95,0.752382,0.841938,0.000000,0.657500,0.566426,0.615522,0.572295, 
96,0.000000,0.795270,0.664733,0.811493,0.850213,0.762183,0.647315, 
97,0.651977,0.722047,0.450794,0.934474,0.913870,0.741309,0.735745, 
98,0.295441,0.801674,0.828289,0.782401,0.855779,0.851182,0.735794, 
99,0.798020,0.747545,0.639556,0.661157,0.817021,0.922546,0.764308, 
100,0.726212,0.583270,0.310794,0.889962,0.712624,0.672494,0.649226, 
101,0.348794,0.819672,0.588235,0.873774,0.867443,0.772173,0.711682, 
102,0.635203,0.816018,0.746589,0.824279,0.652633,0.981683,0.776067, 
103,0.873607,0.275631,0.616451,0.346855,0.375940,0.971788,0.576712, 
104,0.214369,0.773994,0.587832,0.931174,0.917699,0.562613,0.664614, 
105,0.385676,0.855254,0.820395,0.524814,0.929054,0.958412,0.745601, 
106,0.000000,0.675702,0.955896,0.820031,0.706464,0.723469,0.646927, 
107,0.827586,0.802306,0.877085,0.899117,0.876115,0.907497,0.864951, 
108,0.835337,0.384974,0.859450,0.681319,0.882740,0.755233,0.733176, 
109,0.449994,0.737435,0.123976,0.916216,0.918032,0.754938,0.650098, 
110,0.873323,0.719190,0.487060,0.871297,0.915487,0.777343,0.773950, 
111,0.142776,0.442860,0.424504,0.643915,0.851965,0.768877,0.545816, 
112,0.452741,0.203135,0.528005,0.891184,0.344828,0.640127,0.510003, 
113,0.772333,0.951848,0.831604,0.924043,0.879733,0.741363,0.850154, 
114,0.310545,0.528999,0.515464,0.955812,0.681831,0.887357,0.646668, 
115,0.922539,0.784856,0.515416,0.943611,0.701735,0.965072,0.805538, 
116,0.614662,0.763359,0.415145,0.914282,0.859275,0.668557,0.705880, 
117,0.786333,0.729075,0.788644,0.885096,0.651102,0.833640,0.778982, 
118,0.845401,0.937093,0.769323,0.947280,0.908206,0.977572,0.897479, 
119,0.565948,0.291245,0.851103,0.603448,0.899536,0.831073,0.673725, 
120,0.509627,0.879910,0.782425,0.542299,0.965256,0.879651,0.759861, 
121,0.138948,0.733138,0.763006,0.421696,0.880363,0.983791,0.653490, 
122,0.256409,0.816914,0.752281,0.795663,0.809233,0.937361,0.727977, 
123,0.099281,0.592417,0.471605,0.115184,0.896769,0.524484,0.449957, 
124,0.177767,0.741525,0.508786,0.956606,0.846804,0.699390,0.655146, 
125,0.433545,0.608021,0.376147,0.815609,0.971840,0.699660,0.650803, 
126,0.128726,0.342005,0.099230,0.434783,0.635336,0.922467,0.427091, 
127,0.460688,0.328808,0.655256,0.709834,0.614981,0.946157,0.619287, 
128,0.964677,0.593808,0.515350,0.868023,0.917724,0.799146,0.776455, 
129,0.882405,0.839759,0.930904,0.894957,0.979159,0.759255,0.881073, 
130,0.894096,0.727651,0.004285,0.817030,0.682158,0.663279,0.631417, 
131,0.240525,0.741525,0.549451,0.924543,0.678543,0.649069,0.630609, 
132,0.678438,0.136732,0.934128,0.661882,0.767984,0.752682,0.655308, 
133,0.866142,0.332595,0.489343,0.921498,0.628383,0.690745,0.654784, 
134,0.616252,0.864006,0.795473,0.899092,0.875748,0.932990,0.830594, 
135,0.894182,0.012703,0.917000,0.757744,0.767845,0.652894,0.667061, 
136,0.526453,0.494675,0.847729,0.852108,0.783968,0.618004,0.687156, 
137,0.483400,0.763359,0.735354,0.483420,0.839571,0.934397,0.706584, 
138,0.000000,0.418624,0.874722,0.504451,0.759791,0.390991,0.491430, 
139,0.351385,0.136732,0.000000,0.648720,0.733773,0.763821,0.439072, 
140,0.851544,0.650104,0.638946,0.199969,0.479846,0.961785,0.630366, 
141,0.743920,0.164017,0.458504,0.879329,0.648767,0.619655,0.585699, 
142,0.485484,0.763359,0.413946,0.859350,0.925748,0.719036,0.694487, 
143,0.848750,0.381161,0.511628,0.900734,0.576863,0.662461,0.646933, 
144,0.666333,0.737375,0.930601,0.956098,0.687161,0.718757,0.782721, 
145,0.328734,0.759614,0.342284,0.792753,0.665399,0.955112,0.640649, 
146,0.449470,0.000000,0.222729,0.765514,0.674529,0.786460,0.483117, 
147,0.290210,0.792171,0.533069,0.955426,0.740025,0.917675,0.704763, 
148,0.816330,0.000000,0.879789,0.434783,0.784461,0.767617,0.613830, 
149,0.504135,0.464020,0.209408,0.825366,0.474301,0.680318,0.526258, 
150,0.704294,0.415270,0.897608,0.913395,0.931370,0.906143,0.794680, 
151,0.776699,0.895504,0.339358,0.828421,0.801889,0.635862,0.712955, 
152,0.723289,0.699657,0.425645,0.810255,0.924340,0.695440,0.713104, 
153,0.293231,0.395024,0.607944,0.908204,0.479846,0.974015,0.609711, 
154,0.706339,0.768084,0.796151,0.823226,0.789856,0.880628,0.794047, 
155,0.388342,0.091159,0.913281,0.534351,0.448833,0.802558,0.529754, 
156,0.696271,0.073500,0.000000,0.301919,0.517935,0.639231,0.371476, 
157,0.000000,0.685556,0.702776,0.707788,0.781970,0.580464,0.576426, 
158,0.006019,0.546367,0.289975,0.914488,0.964638,0.624075,0.557594, 
159,0.830191,0.580915,0.676250,0.825579,0.830493,0.540424,0.713975, 
160,0.186824,0.560308,0.834598,0.815891,0.816523,0.960205,0.695725, 
161,0.713686,0.480885,0.196017,0.924716,0.312500,0.498588,0.521065, 
162,0.421083,0.809888,0.722687,0.896194,0.633623,0.965907,0.741564, 
163,0.000000,0.590424,0.728947,0.738715,0.736339,0.842381,0.606134, 
164,0.882705,0.484212,0.865172,0.757647,0.610932,0.897765,0.749739, 
165,0.000000,0.538031,0.624541,0.743720,0.756962,0.560419,0.537279, 
166,0.161058,0.701403,0.588235,0.304054,0.891156,0.824261,0.578361, 
167,0.745585,0.510977,0.023641,0.940381,0.653838,0.681928,0.592725, 
168,0.853242,0.000000,0.329870,0.491316,0.586230,0.821449,0.513685, 
169,0.810347,0.871674,0.586431,0.891304,0.663130,0.818962,0.773641, 
170,0.170732,0.807236,0.639676,0.798853,0.512397,0.629330,0.593037, 
171,0.159610,0.712937,0.605327,0.957497,0.779104,0.952098,0.694429, 
172,0.333032,0.533746,0.515464,0.928185,0.494297,0.988325,0.632175, 
173,0.863026,0.804916,0.421173,0.947601,0.693611,0.497619,0.704658, 
174,0.427742,0.656687,0.883908,0.758608,0.984605,0.606119,0.719611, 
175,0.372463,0.613749,0.774558,0.816765,0.902387,0.928364,0.734714, 
176,0.341346,0.763359,0.561798,0.603774,0.823713,0.924609,0.669766, 
177,0.353365,0.763359,0.694864,0.434783,0.815922,0.878061,0.656726, 
178,0.921660,0.819672,0.571820,0.754893,0.950925,0.650451,0.778237, 
179,0.389059,0.412410,0.000000,0.932242,0.439459,0.465108,0.439713, 
180,0.816863,0.886189,0.877193,0.771757,0.915385,0.854244,0.853605, 
181,0.605331,0.010942,0.825704,0.517636,0.571438,0.645493,0.529424, 
182,0.717620,0.705219,0.801572,0.588235,0.515464,0.915000,0.707185, 
183,0.691796,0.829958,0.860365,0.904017,0.814151,0.936931,0.839536, 
184,0.644181,0.637229,0.595883,0.954520,0.958629,0.714577,0.750837, 
185,0.798521,0.870968,0.645339,0.817539,0.930797,0.941602,0.834128, 
186,0.172178,0.556947,0.772509,0.825764,0.697723,0.816290,0.640235, 
187,0.219261,0.853888,0.784080,0.768199,0.587186,0.812651,0.670878, 
188,0.662635,0.897281,0.741733,0.871126,0.958121,0.917521,0.841403, 
189,0.724424,0.680609,0.879776,0.906368,0.735738,0.835156,0.793679, 
190,0.351784,0.522235,0.944980,0.638402,0.878917,0.745110,0.680238, 
191,0.175896,0.810660,0.879737,0.972208,0.798755,0.722405,0.726610, 
192,0.905711,0.745282,0.755940,0.591882,0.518825,0.636162,0.692300, 
193,0.037865,0.688097,0.692708,0.679644,0.515464,0.839569,0.575558, 
194,0.337972,0.196810,0.335532,0.487395,0.944637,0.673167,0.495919, 
195,0.000000,0.632911,0.582844,0.486739,0.889029,0.897550,0.581512, 
196,0.573920,0.823380,0.771308,0.884068,0.914806,0.960084,0.821261, 
197,0.729892,0.643484,0.747032,0.857636,0.647707,0.966415,0.765361, 
198,0.787598,0.679348,0.515464,0.954028,0.839025,0.713196,0.748110, 
199,0.825212,0.413898,0.881862,0.882278,0.530612,0.745738,0.713267, 
200,0.384695,0.728278,0.420963,0.941358,0.967799,0.720641,0.693956, 
201,0.210154,0.707291,0.581916,0.214890,0.924585,0.646971,0.547634, 
202,0.607595,0.661506,0.815794,0.693069,0.970278,0.875481,0.770621, 
203,0.311554,0.484922,0.663402,0.892467,0.930782,0.964402,0.707921, 
204,0.928184,0.690571,0.664141,0.944281,0.976524,0.667949,0.811942, 
205,0.599941,0.496595,0.229620,0.863864,0.798452,0.690351,0.613137, 
206,0.693121,0.132014,0.808313,0.872357,0.920671,0.565591,0.665345, 
207,0.668594,0.617533,0.349204,0.829622,0.665390,0.759019,0.648227, 
208,0.818901,0.714286,0.926041,0.818724,0.734224,0.888224,0.816733, 
209,0.759124,0.860575,0.740971,0.977737,0.949470,0.916126,0.867334, 
210,0.328434,0.262449,0.447475,0.803528,0.954522,0.661632,0.576340, 
211,0.159610,0.895141,0.728477,0.861434,0.779104,0.947559,0.728554, 
212,0.629868,0.544633,0.784840,0.465544,0.802889,0.943902,0.695279, 
213,0.769466,0.884208,0.690090,0.263644,0.615883,0.981100,0.700732, 
214,0.604954,0.835529,0.823885,0.632911,0.631322,0.858585,0.731198, 
215,0.586881,0.615385,0.341509,0.910063,0.363636,0.737298,0.592462, 
216,0.893982,0.383254,0.398886,0.798596,0.883770,0.819879,0.696394, 
217,0.435498,0.437904,0.818088,0.964958,0.663434,0.674345,0.665705, 
218,0.421073,0.395645,0.915143,0.718869,0.604067,0.735687,0.631747, 
219,0.696726,0.000000,0.952002,0.568619,0.774529,0.870607,0.643747, 
220,0.574522,0.702801,0.927771,0.728712,0.936347,0.828786,0.783157, 
221,0.104722,0.713557,0.895141,0.788623,0.720960,0.860538,0.680590, 
222,0.778536,0.625474,0.668037,0.973933,0.921584,0.690507,0.776345, 
223,0.400270,0.359381,0.958631,0.843072,0.832035,0.814419,0.701301, 
224,0.719369,0.765904,0.611891,0.735382,0.762891,0.849011,0.740741, 
225,0.471301,0.589257,0.845347,0.545569,0.771912,0.903662,0.687841, 
226,0.403047,0.771976,0.726484,0.896194,0.630439,0.983401,0.735257, 
227,0.000000,0.614668,0.581720,0.602826,0.448833,0.846511,0.515760, 
228,0.846755,0.366569,0.856772,0.477822,0.729569,0.854384,0.688645, 
229,0.318578,0.793204,0.357572,0.860158,0.613586,0.956488,0.649931, 
230,0.555071,0.547809,0.423745,0.993651,0.828222,0.590379,0.656480, 
231,0.560445,0.629588,0.439476,0.491079,0.824564,0.852767,0.632987, 
232,0.685685,0.614518,0.350002,0.820405,0.657999,0.750355,0.646494, 
233,0.726752,0.671141,0.595883,0.941214,0.960025,0.671891,0.761151, 
234,0.055023,0.627739,0.855271,0.759389,0.807608,0.897411,0.667073, 
235,0.632911,0.130256,0.000000,0.349289,0.536334,0.681349,0.388357, 
236,0.683391,0.544907,0.290853,0.964826,0.375940,0.642866,0.583797, 
237,0.000000,0.721037,0.810730,0.947277,0.504645,0.690918,0.612434, 
238,0.867013,0.519331,0.875399,0.580635,0.639386,0.866046,0.724635, 
239,0.779476,0.000000,0.913089,0.660925,0.692075,0.589618,0.605864, 
240,0.817291,0.755391,0.901195,0.832059,0.869819,0.690476,0.811038, 
241,0.344432,0.318496,0.433908,0.699774,0.853620,0.827433,0.579611, 
242,0.308815,0.464762,0.772677,0.809532,0.901858,0.929044,0.697781, 
243,0.000000,0.000000,0.298442,0.378473,0.662739,0.683575,0.337205, 
244,0.834258,0.526602,0.623990,0.900336,0.951761,0.511392,0.724723, 
245,0.000000,0.526105,0.439459,0.837751,0.693750,0.939194,0.572710, 
246,0.587955,0.103182,0.872234,0.552613,0.795965,0.783229,0.615863, 
247,0.686161,0.730735,0.000000,0.821141,0.604911,0.697117,0.590011, 
248,0.539585,0.000000,0.786637,0.563380,0.591759,0.598240,0.513267, 
249,0.775404,0.000000,0.874838,0.543652,0.710657,0.690797,0.599225, 
250,0.772799,0.609034,0.858705,0.749944,0.749136,0.735156,0.745796, 
251,0.723070,0.777116,0.363155,0.856726,0.677710,0.931621,0.721566, 
252,0.172517,0.755052,0.612960,0.917848,0.796647,0.636027,0.648508, 
253,0.750423,0.553239,0.286807,0.885392,0.645229,0.638566,0.626609, 
254,0.888889,0.771372,0.972211,0.859039,0.788842,0.851623,0.855329, 
255,0.402315,0.626746,0.859001,0.835344,0.689308,0.943820,0.726089, 
256,0.444685,0.449717,0.202405,0.867516,0.604716,0.585737,0.525796, 
257,0.837945,0.000000,0.973413,0.662539,0.815077,0.752945,0.673653, 
258,0.918313,0.848000,0.690994,0.635947,0.732228,0.874163,0.783274, 
259,0.266192,0.871080,0.709611,0.918122,0.899094,0.910173,0.762379, 
260,0.797566,0.000000,0.858685,0.556918,0.720158,0.683311,0.602773, 
261,0.880829,0.383877,0.817659,0.772775,0.752579,0.799363,0.734514, 
262,0.453659,0.346248,0.332775,0.802259,0.946593,0.905007,0.631090, 
263,0.433493,0.733138,0.588235,0.898023,0.539407,0.710468,0.650461, 
264,0.430907,0.555051,0.765023,0.821298,0.852523,0.979207,0.734001, 
265,0.005504,0.451279,0.669303,0.707876,0.796237,0.650666,0.546811, 
266,0.017884,0.632911,0.344828,0.285714,0.767635,0.696143,0.457519, 
267,0.150002,0.679348,0.235471,0.917336,0.981373,0.597206,0.593456, 
268,0.571532,0.772881,0.806827,0.783925,0.876707,0.776279,0.764692, 
269,0.443042,0.465325,0.873801,0.578780,0.496084,0.619863,0.579482, 
270,0.951076,0.430634,0.644091,0.887193,0.963243,0.475550,0.725298, 
271,0.919861,0.786517,0.566396,0.964948,0.929067,0.778533,0.824220, 
272,0.650708,0.525249,0.866924,0.443028,0.681179,0.938283,0.684229, 
273,0.370517,0.493191,0.595883,0.982909,0.978280,0.767602,0.698064, 
274,0.502731,0.812322,0.528610,0.855224,0.953109,0.851266,0.750544, 
275,0.637993,0.290550,0.842271,0.803037,0.822559,0.735118,0.688588, 
276,0.771474,0.822560,0.815334,0.929011,0.795486,0.650394,0.797377, 
277,0.833590,0.703790,0.049616,0.378011,0.625157,0.901692,0.581976, 
278,0.643771,0.378733,0.867931,0.770986,0.854692,0.712331,0.704741, 
279,0.769231,0.814760,0.000000,0.824993,0.432629,0.539210,0.563471, 
280,0.637867,0.000000,0.818040,0.666287,0.844815,0.913349,0.646726, 
281,0.839421,0.000000,0.557057,0.600293,0.808524,0.798582,0.600646, 
282,0.849676,0.025190,0.788371,0.840145,0.481125,0.524689,0.584866, 
283,0.901726,0.481887,0.856788,0.604651,0.742715,0.774972,0.727123, 
284,0.828278,0.219277,0.749995,0.817329,0.861105,0.621124,0.682851, 
285,0.937130,0.492420,0.877454,0.818755,0.696394,0.811568,0.772287, 
286,0.291158,0.754141,0.150806,0.791153,0.675785,0.675529,0.556429, 
287,0.704465,0.087656,0.824523,0.873206,0.611860,0.790450,0.648693, 
288,0.640167,0.992806,0.737292,0.883645,0.933238,0.917276,0.850737, 
289,0.206633,0.457240,0.866442,0.886273,0.730435,0.649229,0.632709, 
290,0.082386,0.871080,0.670053,0.983223,0.948432,0.869223,0.737399, 
291,0.961673,0.714286,0.627548,0.971639,0.494297,0.920725,0.781695, 
292,0.283579,0.580915,0.194660,0.825579,0.848005,0.472786,0.534254, 
293,0.844033,0.729927,0.568182,0.966128,0.938843,0.630881,0.779666, 
294,0.671547,0.600299,0.305093,0.895859,0.617793,0.534777,0.604228, 
295,0.141937,0.886970,0.891898,0.774628,0.887836,0.952592,0.755977, 
296,0.891886,0.438693,0.868019,0.791266,0.749548,0.658731,0.733024, 
297,0.553597,0.751445,0.761866,0.385794,0.934496,0.850915,0.706352, 
298,0.605884,0.819869,0.855898,0.761460,0.934894,0.958084,0.822682, 
299,0.856359,0.822823,0.673989,0.754717,0.922697,0.831020,0.810267, 
300,0.696943,0.616923,0.737883,0.946859,0.907549,0.751206,0.776227, 
301,0.586153,0.677965,0.784364,0.904384,0.898949,0.959435,0.801875, 
302,0.888889,0.860294,0.497366,0.839445,0.683780,0.886338,0.776019, 
303,0.822270,0.471839,0.692454,0.854342,0.867030,0.820108,0.754674, 
304,0.857897,0.790644,0.463970,0.822961,0.756934,0.921333,0.768957, 
305,0.195798,0.866444,0.683856,0.752265,0.881211,0.719595,0.683195, 
306,0.850408,0.762633,0.742006,0.641304,0.970397,0.897002,0.810625, 
307,0.000000,0.665420,0.457999,0.654206,0.793477,0.779080,0.558364, 
308,0.849434,0.558224,0.881653,0.860531,0.943018,0.780720,0.812263, 
309,0.744186,0.312514,0.527530,0.813657,0.657968,0.587726,0.607263, 
310,0.119019,0.786517,0.518662,0.947861,0.941542,0.871696,0.697549, 
311,0.507038,0.000000,0.809890,0.527273,0.664277,0.742825,0.541884, 
312,0.297104,0.461251,0.520430,0.866434,0.869560,0.681728,0.616084, 
313,0.121697,0.684881,0.776560,0.089209,0.716776,0.969107,0.559705, 
314,0.131459,0.832514,0.925972,0.939548,0.930441,0.602397,0.727055, 
315,0.556793,0.130681,0.000000,0.267380,0.516553,0.557675,0.338180, 
316,0.215482,0.866444,0.474529,0.644119,0.876199,0.719595,0.632728, 
317,0.000000,0.000000,0.402972,0.680990,0.650671,0.566856,0.383582, 
318,0.330483,0.317796,0.929094,0.657194,0.759628,0.736609,0.621801, 
319,0.812352,0.440827,0.739631,0.739270,0.853404,0.716354,0.716973, 
320,0.000000,0.744933,0.720406,0.731511,0.856955,0.578319,0.605354, 
321,0.847172,0.336487,0.846450,0.868339,0.845738,0.787034,0.755203, 
322,0.000000,0.373778,0.684932,0.717890,0.864393,0.871438,0.585405, 
323,0.486641,0.477256,0.244562,0.884819,0.908187,0.625888,0.604559, 
324,0.740995,0.833173,0.768094,0.848614,0.954250,0.996989,0.857019, 
325,0.729124,0.692523,0.836149,0.428825,0.800127,0.417957,0.650784, 
326,0.000000,0.051573,0.617284,0.622787,0.769808,0.742832,0.467381, 
327,0.000000,0.871080,0.605654,0.911549,0.959253,0.043124,0.565110, 
328,0.756197,0.795591,0.906749,0.857362,0.648850,0.683322,0.774678, 
329,0.741692,0.596458,0.948648,0.779944,0.724055,0.564275,0.725845, 
330,0.795595,0.763359,0.573514,0.535951,0.836934,0.959276,0.744105, 
331,0.708777,0.000000,0.401631,0.836848,0.548473,0.799796,0.549254, 
332,0.194158,0.819510,0.634851,0.906738,0.259374,0.950748,0.627563, 
333,0.056725,0.150244,0.922960,0.708238,0.724042,0.643136,0.534224, 
334,0.820246,0.802894,0.661778,0.904298,0.698501,0.941560,0.804879, 
335,0.703553,0.197908,0.813780,0.606552,0.813448,0.642001,0.629540, 
336,0.628219,0.732305,0.456140,0.486987,0.937629,0.932163,0.695574, 
337,0.021378,0.730323,0.908809,0.634565,0.943730,0.681672,0.653413, 
338,0.798622,0.819672,0.950828,0.877941,0.798720,0.797099,0.840480, 
339,0.534521,0.065981,0.907697,0.786407,0.967253,0.685250,0.657851, 
340,0.000000,0.734240,0.620317,0.857816,0.249608,0.919802,0.563630, 
341,0.321043,0.563896,0.733857,0.907335,0.752938,0.862895,0.690327, 
342,0.944574,0.428672,0.846788,0.560000,0.731192,0.752628,0.710642, 
343,0.753690,0.586735,0.668037,0.992050,0.910467,0.724889,0.772645, 
344,0.754717,0.763359,0.735224,0.392347,0.839661,0.699467,0.697463, 
345,0.949943,0.000000,0.858037,0.506912,0.571954,0.751969,0.606469, 
346,0.903843,0.532002,0.612421,0.991628,0.852804,0.614026,0.751121, 
347,0.181858,0.609901,0.711076,0.858682,0.894842,0.945499,0.700310, 
348,0.555780,0.857765,0.897467,0.889277,0.943577,0.923396,0.844544, 
349,0.281964,0.919325,0.695758,0.955299,0.972602,0.971714,0.799444, 
350,0.162533,0.779849,0.810295,0.705394,0.774182,0.598633,0.638481, 
351,0.597337,0.751089,0.499390,0.965927,0.968159,0.713255,0.749193, 
352,0.427238,0.751445,0.542946,0.622323,0.899687,0.854600,0.683040, 
353,0.280767,0.819672,0.588235,0.898990,0.864096,0.773994,0.704292, 
354,0.536728,0.867333,0.717458,0.635215,0.787138,0.506003,0.674979, 
355,0.622053,0.614203,0.543927,0.813994,0.808102,0.817942,0.703370, 
356,0.707333,0.846936,0.659248,0.651465,0.772301,0.601134,0.706403, 
357,0.308309,0.741525,0.656923,0.191523,0.871339,0.738013,0.584605, 
358,0.000000,0.718332,0.769231,0.918309,0.817302,0.640472,0.643941, 
359,0.532187,0.840918,0.818470,0.912473,0.810321,0.634543,0.758152, 
360,0.000000,0.405153,0.750817,0.929950,0.819296,0.651949,0.592861, 
361,0.164240,0.782375,0.650536,0.825468,0.973449,0.917144,0.718869, 
362,0.942598,0.548947,0.900402,0.729463,0.704291,0.925232,0.791822, 
363,0.068478,0.188020,0.991461,0.623309,0.819533,0.631407,0.553701, 
364,0.627817,0.918197,0.719909,0.898491,0.805865,0.904641,0.812487, 
365,0.884442,0.494861,0.834296,0.666667,0.688490,0.891501,0.743376, 
366,0.399823,0.760409,0.791428,0.835122,0.737393,0.698853,0.703838, 
367,0.214059,0.594527,0.758621,0.089997,0.527470,0.583887,0.461427, 
368,0.265470,0.271731,0.940770,0.550675,0.737293,0.798660,0.594100, 
369,0.850569,0.000000,0.896305,0.589037,0.783428,0.744993,0.644055, 
370,0.059678,0.858653,0.804325,0.927944,0.909962,0.672364,0.705488, 
371,0.506920,0.797275,0.498734,0.970409,0.972837,0.620095,0.727712, 
372,0.632430,0.701154,0.904410,0.816778,0.814697,0.738832,0.768050, 
373,0.947368,0.696379,0.968053,0.940707,0.804149,0.698842,0.842583, 
374,0.601507,0.759056,0.844738,0.923656,0.921236,0.866931,0.819520, 
375,0.909300,0.763359,0.628571,0.795537,0.664965,0.861967,0.770616, 
376,0.828214,0.974965,0.734235,0.770039,0.880182,0.703610,0.815208, 
377,0.121315,0.705434,0.449069,0.920005,0.578977,0.934238,0.618173, 
378,0.597349,0.000000,0.582178,0.591374,0.767939,0.691243,0.538347, 
379,0.340699,0.243746,0.000000,0.945059,0.255102,0.351475,0.356014, 
380,0.174101,0.877197,0.394005,0.691456,0.611446,0.773565,0.586962, 
381,0.464129,0.854008,0.819672,0.688259,0.766291,0.763390,0.725958, 
382,0.000000,0.000000,0.268006,0.492754,0.746169,0.784299,0.381871, 
383,0.397911,0.632421,0.805873,0.958955,0.879467,0.898186,0.762136, 
384,0.851544,0.632911,0.530705,0.549451,0.868214,0.665593,0.683070, 
385,0.240718,0.701403,0.476190,0.449231,0.817994,0.903052,0.598098, 
386,0.000000,0.632911,0.568325,0.951320,0.601299,0.745791,0.583274, 
387,0.708075,0.733011,0.885102,0.791917,0.886050,0.880884,0.814173, 
388,0.673916,0.583103,0.305183,0.882068,0.869618,0.746397,0.676714, 
389,0.157315,0.506382,0.556793,0.986521,0.985014,0.709671,0.650283, 
390,0.469906,0.085530,0.810680,0.844044,0.768334,0.857740,0.639372, 
391,0.610082,0.593505,0.651685,0.844972,0.664986,0.952132,0.719561, 
392,0.000000,0.767559,0.636763,0.398447,0.879321,0.952192,0.605714, 
393,0.787523,0.822946,0.474562,0.738954,0.887655,0.952021,0.777277, 
394,0.437366,0.358289,0.925615,0.869789,0.900704,0.972572,0.744056, 
395,0.339824,0.763359,0.663417,0.178771,0.969904,0.675058,0.598389, 
396,0.152442,0.896122,0.751445,0.921143,0.816650,0.963244,0.750174, 
397,0.665372,0.374994,0.148968,0.805891,0.671042,0.752619,0.569814, 
398,0.978153,0.584300,0.854638,0.595318,0.687666,0.615242,0.719219, 
399,0.419070,0.830093,0.809917,0.915462,0.909546,0.958102,0.807032, 
400,0.827942,0.552883,0.886943,0.898661,0.536268,0.830724,0.755570, 
401,0.760262,0.448539,0.848161,0.808847,0.640481,0.761015,0.711218, 
402,0.600179,0.556727,0.922357,0.763458,0.743335,0.823958,0.735002, 
403,0.737327,0.604493,0.301085,0.780765,0.598414,0.697442,0.619921, 
404,0.687905,0.590879,0.546424,0.914274,0.482184,0.978892,0.700093, 
405,0.240033,0.528999,0.515464,0.970739,0.669044,0.858968,0.630541, 
406,0.915390,0.591534,0.115568,0.764659,0.627392,0.732477,0.624503, 
407,0.627451,0.705638,0.943089,0.943509,0.859589,0.904697,0.830662, 
408,0.000000,0.767559,0.476190,0.348405,0.801600,0.941186,0.555823, 
409,0.000000,0.763968,0.755678,0.717526,0.872288,0.631065,0.623421, 
410,0.707278,0.733138,0.471698,0.842271,0.448833,0.787523,0.665123, 
411,0.853242,0.000000,0.874850,0.500000,0.740539,0.812332,0.630160, 
412,0.532488,0.987782,0.166954,0.816448,0.850111,0.726870,0.680109, 
413,0.874903,0.874320,0.761044,0.787469,0.842866,0.733340,0.812324, 
414,0.611406,0.877154,0.687167,0.574817,0.905254,0.821956,0.746292, 
415,0.452728,0.726636,0.885610,0.805196,0.723527,0.749168,0.723811, 
416,0.809298,0.515464,0.331922,0.940275,0.665902,0.683362,0.657704, 
417,0.950117,0.000000,0.933475,0.545939,0.443868,0.456853,0.555042, 
418,0.090825,0.591003,0.339892,0.604757,0.933907,0.942145,0.583755, 
419,0.266192,0.871080,0.709611,0.891172,0.899094,0.889178,0.754388, 
420,0.119702,0.441717,0.933014,0.790793,0.831900,0.667141,0.630711, 
421,0.256966,0.950265,0.520903,0.967686,0.988923,0.924686,0.768238, 
422,0.079841,0.668916,0.569490,0.896663,0.846656,0.922017,0.663931, 
423,0.946080,0.317800,0.868390,0.861662,0.776958,0.608249,0.729856, 
424,0.000000,0.646133,0.761100,0.722533,0.695431,0.769690,0.599148, 
425,0.890411,0.258404,0.539634,0.892892,0.611003,0.706472,0.649803, 
426,0.792683,0.744186,0.729768,0.890285,0.811908,0.665362,0.772365, 
427,0.224343,0.717660,0.772298,0.788031,0.899773,0.954147,0.726042, 
428,0.271460,0.768676,0.744429,0.961302,0.910817,0.852800,0.751581, 
429,0.547516,0.780563,0.870010,0.780917,0.875500,0.592618,0.741188, 
430,0.692289,0.652075,0.367056,0.373997,0.914372,0.935778,0.655928, 
431,0.000000,0.319792,0.665054,0.503643,0.820956,0.700416,0.501644, 
432,0.746081,0.180823,0.406815,0.858107,0.696666,0.599198,0.581282, 
433,0.806836,0.596142,0.632911,0.831585,0.831007,0.714900,0.735564, 
434,0.376104,0.804829,0.564353,0.937128,0.719844,0.875239,0.712916, 
435,0.486437,0.442778,0.729995,0.917008,0.883998,0.750019,0.701706, 
436,0.748625,0.873124,0.884578,0.993307,0.760657,0.932587,0.865480, 
437,0.896710,0.733138,0.812915,0.847673,0.854870,0.783788,0.821516, 
438,0.355673,0.270095,0.440353,0.825703,0.970323,0.656601,0.586458, 
439,0.804256,0.758845,0.000835,0.564083,0.964824,0.698388,0.631872, 
440,0.732208,0.819672,0.808174,0.950522,0.964871,0.788821,0.844045, 
441,0.834151,0.921870,0.769192,0.287592,0.970907,0.692716,0.746072, 
442,0.769007,0.482571,0.825856,0.376421,0.885448,0.881255,0.703426, 
443,0.734741,0.211067,0.904519,0.624818,0.821798,0.760295,0.676206, 
444,0.760870,0.636890,0.380263,0.926440,0.852062,0.612836,0.694894, 
445,0.767328,0.397284,0.914282,0.812774,0.711925,0.778921,0.730419, 
446,0.857027,0.453080,0.941922,0.848877,0.640591,0.777327,0.753137, 
447,0.824742,0.408350,0.150505,0.826016,0.464893,0.407729,0.513706, 
448,0.869374,0.807137,0.228269,0.806257,0.656934,0.962083,0.721676, 
449,0.569333,0.619183,0.918600,0.886973,0.955944,0.869048,0.803180, 
450,0.486222,0.054474,0.831730,0.736842,0.654206,0.817251,0.596787, 
451,0.550422,0.695901,0.650888,0.543131,0.766667,0.504611,0.618603, 
452,0.264243,0.820691,0.765152,0.588235,0.713935,0.677988,0.638374, 
453,0.925926,0.293087,0.850565,0.742219,0.857630,0.638445,0.717979, 
454,0.688162,0.761088,0.742012,0.908108,0.632911,0.838794,0.761846, 
455,0.663363,0.602344,0.566023,0.750819,0.908440,0.821344,0.718722, 
456,0.367024,0.462238,0.589412,0.071288,0.550571,0.865312,0.484308, 
457,0.000000,0.520548,0.589735,0.189933,0.022948,0.561952,0.314186, 
458,0.000000,0.448874,0.852016,0.540541,0.639256,0.801096,0.546964, 
459,0.351206,0.564061,0.659425,0.179104,0.455137,0.873196,0.513688, 
460,0.660798,0.576350,0.839485,0.850084,0.926987,0.889539,0.790540, 
461,0.048951,0.696225,0.881725,0.791008,0.770326,0.904613,0.682141, 
462,0.190297,0.922693,0.501613,0.935670,0.985612,0.899894,0.739296, 
463,0.557817,0.000000,0.917307,0.806628,0.873143,0.938763,0.682276, 
464,0.167979,0.705215,0.267818,0.806972,0.743229,0.820046,0.585210, 
465,0.828263,0.234153,0.613893,0.571318,0.960990,0.729311,0.656321, 
466,0.650898,0.764991,0.775398,0.862796,0.959074,0.969050,0.830368, 
467,0.921865,0.515146,0.853928,0.595892,0.668765,0.797557,0.725526, 
468,0.293578,0.753240,0.714442,0.062618,0.913792,0.492697,0.538395, 
469,0.549376,0.663988,0.383441,0.969786,0.942163,0.491361,0.666686, 
470,0.635305,0.385470,0.862249,0.885119,0.753669,0.931344,0.742193, 
471,0.731856,0.831994,0.461728,0.939160,0.914169,0.585777,0.744114, 
472,0.888889,0.338416,0.922556,0.794826,0.624522,0.516854,0.681011, 
473,0.941527,0.937714,0.701312,0.681818,0.973267,0.745754,0.830232, 
474,0.650805,0.513321,0.825152,0.860054,0.672156,0.557002,0.679748, 
475,0.470725,0.632911,0.445632,0.440729,0.831868,0.642340,0.577368, 
476,0.769231,0.639324,0.082004,0.886549,0.348953,0.658934,0.564166, 
477,0.317442,0.734592,0.852483,0.847528,0.737081,0.948507,0.739605, 
478,0.381954,0.799309,0.861423,0.757647,0.739956,0.952825,0.748852, 
479,0.710373,0.410484,0.814324,0.844014,0.749396,0.837256,0.727641, 
480,0.875028,0.828660,0.546418,0.949732,0.947081,0.595476,0.790399, 
481,0.540541,0.000000,0.057083,0.267380,0.460867,0.557434,0.313884, 
482,0.403470,0.579290,0.669811,0.931641,0.000000,0.524184,0.518066, 
483,0.652471,0.565016,0.483152,0.884438,0.800314,0.813625,0.699836, 
484,0.000000,0.549451,0.483485,0.262719,0.859142,0.526036,0.446805, 
485,0.000000,0.614668,0.541244,0.622010,0.816924,0.846511,0.573559, 
486,0.599291,0.000000,0.527663,0.621277,0.822481,0.750708,0.553570, 
487,0.200982,0.423011,0.523148,0.470063,0.764415,0.913573,0.549199, 
488,0.241918,0.538860,0.380517,0.670554,0.760973,0.924222,0.586174, 
489,0.911617,0.979592,0.718345,0.729552,0.878047,0.765510,0.830444, 
490,0.000000,0.711359,0.400144,0.631007,0.602330,0.873330,0.536362, 
491,0.851064,0.337743,0.885810,0.588235,0.898502,0.626940,0.698049, 
492,0.594407,0.825990,0.000000,0.400000,0.737376,0.615492,0.528877, 
493,0.764689,0.776523,0.000000,0.674419,0.722661,0.654136,0.598738, 
494,0.887502,0.670274,0.273228,0.709898,0.840898,0.916886,0.716448, 
495,0.161360,0.793073,0.701173,0.816428,0.690975,0.857370,0.670063, 
496,0.000000,0.726469,0.714286,0.749869,0.815326,0.891234,0.649531, 
497,0.293999,0.758707,0.486567,0.914378,0.668454,0.969249,0.681892, 
498,0.739462,0.554224,0.714116,0.000000,0.325581,0.626710,0.493349, 
499,0.258383,0.691577,0.743631,0.830348,0.925373,0.746354,0.699278, 
500,0.027379,0.820554,0.234498,0.806426,0.555788,0.913496,0.559690, 
501,0.878719,0.602634,0.949609,0.888364,0.786859,0.855822,0.827001, 
502,0.318177,0.904484,0.771481,0.531576,0.855032,0.783399,0.694025, 
503,0.265261,0.763359,0.600897,0.284666,0.934973,0.926805,0.629327, 
504,0.751396,0.721324,0.949170,0.813333,0.880686,0.860727,0.829439, 
505,0.213225,0.684932,0.176643,0.781654,0.774460,0.790408,0.570220, 
506,0.721313,0.735725,0.835631,0.882695,0.791829,0.856293,0.803914, 
507,0.810347,0.830466,0.796001,0.714286,0.588235,0.789585,0.754820, 
508,0.948905,0.389592,0.368975,0.813947,0.694604,0.693871,0.651649, 
509,0.560326,0.755182,0.398706,0.893123,0.598230,0.904089,0.684943, 
510,0.906759,0.763359,0.623186,0.575540,0.943346,0.983810,0.799333, 
511,0.174647,0.846713,0.684932,0.909571,0.799379,0.932115,0.724560, 
512,0.743169,0.444444,0.856256,0.588235,0.495356,0.821638,0.658183, 
513,0.836670,0.555408,0.623640,0.876101,0.883279,0.706978,0.747013, 
514,0.842765,0.510216,0.808111,0.799382,0.876401,0.630911,0.744631, 
515,0.846321,0.880335,0.868301,0.827865,0.951276,0.967291,0.890232, 
516,0.746269,0.064146,0.884932,0.540541,0.717806,0.757204,0.618483, 
517,0.509351,0.754332,0.249519,0.866454,0.669691,0.927816,0.662861, 
518,0.428390,0.856535,0.567575,0.913777,0.883213,0.875226,0.754119, 
519,0.721222,0.864012,0.878557,0.862023,0.827786,0.980276,0.855646, 
520,0.471671,0.878263,0.884539,0.946051,0.798490,0.996614,0.829271, 
521,0.774048,0.942203,0.755741,0.779661,0.781287,0.841003,0.812324, 
522,0.920863,0.437783,0.288364,0.818104,0.601942,0.902347,0.661567, 
523,0.000000,0.701226,0.389226,0.934221,0.799634,0.718895,0.590534, 
524,0.909969,0.845656,0.844428,0.889006,0.913301,0.852748,0.875851, 
525,0.903984,0.721421,0.745434,0.592673,0.876903,0.881088,0.786917, 
526,0.428703,0.252902,0.853784,0.485710,0.772881,0.604683,0.566444, 
527,0.116522,0.454233,0.852742,0.826429,0.767995,0.610446,0.604728, 
528,0.596168,0.712529,0.767958,0.285721,0.963490,0.693731,0.669933, 
529,0.458507,0.777715,0.488489,0.957504,0.926738,0.598442,0.701232, 
530,0.438342,0.343172,0.649329,0.847533,0.705382,0.734184,0.619657, 
531,0.094406,0.686206,0.702061,0.928600,0.778445,0.595389,0.630851, 
532,0.858450,0.179155,0.369163,0.899069,0.697430,0.706397,0.618277, 
533,0.720644,0.793432,0.815820,0.844408,0.922513,0.933719,0.838423, 
534,0.905711,0.825419,0.807453,0.634607,0.558368,0.766732,0.749715, 
535,0.432796,0.671141,0.454921,0.466531,0.548500,0.918859,0.582125, 
536,0.405673,0.836678,0.550564,0.939810,0.928073,0.905414,0.761036, 
537,0.853614,0.207628,0.798159,0.826844,0.666568,0.494667,0.641247, 
538,0.817460,0.554028,0.819672,0.793898,0.820765,0.775984,0.763634, 
539,0.610209,0.738007,0.904693,0.807252,0.972488,0.805234,0.806314, 
540,0.170372,0.410033,0.224626,0.506912,0.922482,0.790769,0.504199, 
541,0.101548,0.751445,0.551087,0.940414,0.787555,0.778857,0.651818, 
542,0.022157,0.918197,0.712486,0.991885,0.994543,0.847769,0.747839, 
543,0.866142,0.504686,0.112562,0.929305,0.590235,0.654768,0.609616, 
544,0.120655,0.685402,0.701765,0.968405,0.000000,0.551611,0.504640, 
545,0.638986,0.832552,0.738095,0.755072,0.943894,0.894867,0.800578, 
546,0.486781,0.738210,0.461104,0.942486,0.939811,0.627470,0.699310, 
547,0.687295,0.229982,0.593158,0.780008,0.944499,0.631981,0.644487, 
548,0.195142,0.865373,0.670803,0.648627,0.808894,0.864256,0.675516, 
549,0.318383,0.840905,0.933582,0.475426,0.656426,0.877919,0.683773, 
550,0.671633,0.748857,0.785518,0.795323,0.688988,0.962500,0.775470, 
551,0.000000,0.054736,0.928960,0.599788,0.690534,0.510997,0.464169, 
552,0.045034,0.381204,0.848820,0.945034,0.885281,0.515464,0.603473, 
553,0.934235,0.428055,0.676613,0.818963,0.891378,0.684135,0.738896, 
554,0.885864,0.670413,0.744637,0.916579,0.593583,0.906986,0.786344, 
555,0.115887,0.632160,0.700324,0.831643,0.898815,0.925183,0.684002, 
556,0.000000,0.548658,0.709046,0.828132,0.696185,0.738835,0.586809, 
557,0.269576,0.808824,0.853272,0.928681,0.924492,0.962844,0.791281, 
558,0.758983,0.523949,0.798112,0.109257,0.904569,0.888619,0.663915, 
559,0.778736,0.935299,0.731338,0.865330,0.687614,0.739630,0.789658, 
560,0.239760,0.751407,0.723537,0.116308,0.827746,0.682037,0.556799, 
561,0.278539,0.354818,0.849902,0.551724,0.486537,0.833340,0.559143, 
562,0.866142,0.699486,0.083847,0.434783,0.917691,0.596360,0.599718, 
563,0.691937,0.155221,0.940789,0.628342,0.668864,0.765450,0.641767, 
564,0.716726,0.750627,0.705062,0.902846,0.900130,0.915807,0.815200, 
565,0.936170,0.827750,0.518083,0.796446,0.689270,0.924513,0.782039, 
566,0.492425,0.000000,0.000000,0.226114,0.489358,0.378596,0.264416, 
567,0.506177,0.796399,0.192523,0.859304,0.791500,0.898747,0.674109, 
568,0.561830,0.786103,0.559555,0.932090,0.924544,0.745422,0.751591, 
569,0.040785,0.924609,0.588235,0.871795,0.766035,0.757695,0.658192, 
570,0.831024,0.660365,0.802248,0.872697,0.895959,0.897253,0.826591, 
571,0.681503,0.760543,0.382151,0.442045,0.797038,0.961384,0.670777, 
572,0.450590,0.039637,0.828703,0.615630,0.810271,0.817802,0.593772, 
573,0.689120,0.681697,0.441044,0.831315,0.896949,0.562503,0.683771, 
574,0.844275,0.000000,0.755486,0.629256,0.596330,0.923331,0.624780, 
575,0.395001,0.781455,0.817110,0.604105,0.934356,0.779747,0.718629, 
576,0.000000,0.094969,0.542735,0.792602,0.702525,0.507625,0.440076, 
577,0.304681,0.794118,0.720846,0.934979,0.835641,0.966264,0.759421, 
578,0.000000,0.339676,0.402570,0.481928,0.764471,0.819350,0.467999, 
579,0.880180,0.793789,0.527590,0.843223,0.864268,0.876420,0.797578, 
580,0.833269,0.837321,0.314121,0.803090,0.977579,0.759445,0.754137, 
581,0.372281,0.410681,0.833487,0.000000,0.603051,0.647757,0.477876, 
582,0.695361,0.083830,0.000000,0.312500,0.526592,0.679079,0.382894, 
583,0.424117,0.768297,0.850629,0.816237,0.642674,0.768214,0.711694, 
584,0.375301,0.871080,0.670053,0.925129,0.967747,0.869223,0.779755, 
585,0.000000,0.910200,0.513031,0.363636,0.818576,0.087670,0.448852, 
586,0.536291,0.704977,0.819672,0.904514,0.844931,0.810707,0.770182, 
587,0.000000,0.871080,0.709611,0.918122,0.899094,0.860831,0.709790, 
588,0.606195,0.755249,0.815820,0.826353,0.925061,0.831749,0.793405, 
589,0.685590,0.796915,0.717819,0.752845,0.687429,0.942428,0.763838, 
590,0.942598,0.954025,0.828159,0.884873,0.713348,0.964001,0.881168, 
591,0.090975,0.175493,0.941975,0.681690,0.739010,0.717685,0.557805, 
592,0.825698,0.000000,0.983898,0.590182,0.645205,0.610184,0.609195, 
593,0.948905,0.340599,0.840622,0.605636,0.853535,0.800561,0.731643, 
594,0.905483,0.266988,0.445999,0.945608,0.547086,0.727872,0.639839, 
595,0.000000,0.801735,0.406295,0.747823,0.909197,0.937252,0.633717, 
596,0.543063,0.838035,0.853349,0.663847,0.532841,0.920659,0.725299, 
597,0.642534,0.715615,0.416738,0.400000,0.344828,0.903204,0.570486, 
598,0.126452,0.630100,0.829082,0.852168,0.915898,0.808882,0.693764, 
599,0.268177,0.701403,0.435635,0.962251,0.818804,0.721276,0.651258, 
600,0.715641,0.676202,0.854999,0.678206,0.892306,0.718980,0.756056, 
601,0.265361,0.541313,0.002418,0.860402,0.619797,0.477578,0.461145, 
602,0.000000,0.661036,0.874481,0.810220,0.664515,0.744780,0.625839, 
603,0.872215,0.301775,0.825927,0.735876,0.705730,0.608097,0.674937, 
604,0.311496,0.671141,0.551030,0.078119,0.551282,0.924188,0.514543, 
605,0.731259,0.701403,0.499429,0.853937,0.688072,0.708284,0.697064, 
606,0.150899,0.897959,0.575602,0.926667,0.977648,0.958277,0.747842, 
607,0.857994,0.917197,0.777209,0.891766,0.914935,0.804949,0.860675, 
608,0.721790,0.834524,0.359440,0.893270,0.911141,0.717046,0.739535, 
609,0.815654,0.931748,0.855530,0.795634,0.927842,0.765692,0.848683, 
610,0.832808,0.000000,0.894053,0.714498,0.586273,0.831368,0.643167, 
611,0.789041,0.225609,0.732364,0.875076,0.639947,0.840237,0.683712, 
612,0.952791,0.896377,0.154677,0.877035,0.867782,0.735324,0.747331, 
613,0.611406,0.600817,0.809639,0.864778,0.905254,0.821956,0.768975, 
614,0.725594,0.843595,0.762526,0.963734,0.939855,0.885176,0.853413, 
615,0.000000,0.506949,0.577778,0.798752,0.896624,0.718563,0.583111, 
616,0.953533,0.722733,0.654206,0.594714,0.898194,0.885807,0.784864, 
617,0.740861,0.873443,0.688657,0.674847,0.836041,0.895672,0.784920, 
618,0.000929,0.246442,0.778402,0.654007,0.492611,0.437637,0.435005, 
619,0.844985,0.387031,0.877073,0.875584,0.530612,0.762623,0.712985, 
620,0.782373,0.077656,0.937548,0.850157,0.653460,0.709140,0.668389, 
621,0.394947,0.871080,0.588235,0.869282,0.846802,0.872107,0.740409, 
622,0.467192,0.000000,0.831491,0.565725,0.715116,0.798926,0.563075, 
623,0.530516,0.017943,0.865731,0.506912,0.715918,0.799682,0.572784, 
624,0.602266,0.293322,0.847715,0.860113,0.913703,0.710487,0.704601, 
625,0.000000,0.664121,0.666955,0.580649,0.756547,0.508427,0.529450, 
626,0.574243,0.635734,0.632911,0.881566,0.920899,0.725813,0.728528, 
627,0.873213,0.495657,0.735149,0.000000,0.581642,0.659693,0.557559, 
628,0.883446,0.871890,0.588708,0.736842,0.682283,0.821296,0.764078, 
629,0.939641,0.425533,0.844019,0.883945,0.753936,0.783184,0.771710, 
630,0.152595,0.741609,0.833473,0.887001,0.824642,0.721769,0.693515, 
631,0.798565,0.414983,0.782985,0.869152,0.530612,0.760508,0.692801, 
632,0.000000,0.610939,0.428742,0.815547,0.682803,0.528663,0.511116, 
633,0.760193,0.713367,0.829947,0.896217,0.726347,0.924132,0.808367, 
634,0.207701,0.682951,0.235497,0.565217,0.810473,0.971602,0.578907, 
635,0.883578,0.444898,0.873357,0.696177,0.683195,0.852607,0.738969, 
636,0.186775,0.706989,0.457407,0.821170,0.909758,0.916302,0.666400, 
637,0.000000,0.126621,0.515464,0.434783,0.763779,0.659026,0.416612, 
638,0.731286,0.595268,0.757886,0.000000,0.689913,0.693164,0.577920, 
639,0.417999,0.433206,0.928704,0.881426,0.883648,0.827566,0.728758, 
640,0.000000,0.421360,0.781382,0.723233,0.861842,0.715725,0.583924, 
641,0.830575,0.684498,0.686715,0.868431,0.864468,0.507213,0.740317, 
642,0.284674,0.510579,0.607852,0.869289,0.880133,0.978538,0.688511, 
643,0.875380,0.872831,0.945020,0.795982,0.641178,0.672115,0.800418, 
644,0.361811,0.838710,0.654206,0.972024,0.813439,0.970404,0.768432, 
645,0.347200,0.792683,0.558170,0.954079,0.787555,0.778346,0.703006, 
646,0.000000,0.665420,0.590020,0.552764,0.793477,0.779080,0.563460, 
647,0.853237,0.224138,0.825151,0.731785,0.601213,0.651796,0.647887, 
648,0.000000,0.735073,0.684932,0.857795,0.787517,0.871764,0.656180, 
649,0.653027,0.032178,0.810635,0.828942,0.763355,0.751119,0.639876, 
650,0.283372,0.357581,0.850286,0.612632,0.409165,0.748394,0.543572, 
651,0.911223,0.716570,0.079392,0.347803,0.472102,0.991546,0.586439, 
652,0.407709,0.679348,0.422306,0.899780,0.659101,0.869009,0.656209, 
653,0.920863,0.351174,0.854450,0.777940,0.732081,0.887771,0.754047, 
654,0.670884,0.761794,0.000000,0.627119,0.689025,0.834987,0.597302, 
655,0.849616,0.814055,0.966317,0.854212,0.796888,0.874018,0.859184, 
656,0.969529,0.889831,0.802734,0.971580,0.824138,0.848454,0.884378, 
657,0.699227,0.950844,0.785955,0.761532,0.958964,0.963270,0.853299, 
658,0.528503,0.621118,0.461297,0.990429,0.639221,0.735893,0.662744, 
659,0.819672,0.232605,0.509702,0.432432,0.952466,0.569592,0.586079, 
660,0.295209,0.514219,0.546369,0.853788,0.270512,0.866064,0.557693, 
661,0.464682,0.000000,0.684932,0.810709,0.892022,0.891762,0.624018, 
662,0.225672,0.777935,0.127742,0.718187,0.992092,0.756747,0.599729, 
663,0.170805,0.296167,0.789438,0.910552,0.500939,0.458715,0.521103, 
664,0.207467,0.704098,0.863990,0.763079,0.920853,0.990108,0.741599, 
665,0.215482,0.866444,0.722510,0.744196,0.587186,0.741793,0.646269, 
666,0.088674,0.632911,0.515464,0.747095,0.064593,0.544691,0.432238, 
667,0.461208,0.318061,0.730299,0.724409,0.794294,0.827258,0.642588, 
668,0.985915,0.605327,0.955759,0.950974,0.596315,0.695013,0.798217, 
669,0.376423,0.039055,0.000000,0.749829,0.637849,0.547870,0.391838, 
670,0.602597,0.700836,0.248375,0.765183,0.710636,0.836511,0.644023, 
671,0.779813,0.601157,0.397866,0.788098,0.749455,0.873356,0.698291, 
672,0.084695,0.318084,0.252464,0.572687,0.879884,0.766564,0.479063, 
673,0.605718,0.590357,0.668037,0.990579,0.912836,0.776856,0.757397, 
674,0.111239,0.812613,0.398642,0.628571,0.952171,0.965323,0.644760, 
675,0.677879,0.683312,0.298714,0.754140,0.393701,0.704349,0.585349, 
676,0.676992,0.738785,0.815939,0.588235,0.760463,0.644910,0.704221, 
677,0.760850,0.292888,0.622559,0.637466,0.770445,0.915514,0.666620, 
678,0.862069,0.976998,0.408691,0.620757,0.639787,0.471979,0.663380, 
679,0.822252,0.901569,0.844482,0.948107,0.866365,0.838298,0.870179, 
680,0.819672,0.725664,0.067951,0.500000,0.616379,0.979165,0.618139, 
681,0.343482,0.933993,0.623377,0.649573,0.556793,0.775992,0.647201, 
682,0.752907,0.900548,0.615441,0.862577,0.615725,0.951131,0.783055, 
683,0.000000,0.632911,0.515464,0.704846,0.243902,0.775348,0.478745, 
684,0.347563,0.324269,0.829235,0.519691,0.729304,0.726056,0.579353, 
685,0.432788,0.933041,0.874676,0.894849,0.972228,0.900595,0.834696, 
686,0.866142,0.504686,0.106905,0.929305,0.612100,0.635936,0.609179, 
687,0.985611,0.684932,0.976823,0.699202,0.789190,0.777101,0.818810, 
688,0.828765,0.871803,0.912920,0.733547,0.853682,0.957441,0.859693, 
689,0.681924,0.627962,0.923755,0.841228,0.775519,0.953888,0.800713, 
690,0.240266,0.273682,0.579718,0.768041,0.724830,0.598894,0.530905, 
691,0.000000,0.503778,0.403226,0.403317,0.429647,0.821464,0.426905, 
692,0.857994,0.484606,0.810697,0.672773,0.961489,0.920629,0.784698, 
693,0.663101,0.133229,0.924526,0.688902,0.735040,0.718705,0.643917, 
694,0.359560,0.819672,0.600343,0.935288,0.799649,0.956785,0.745216, 
695,0.586300,0.722047,0.450794,0.792170,0.805979,0.689587,0.674480, 
696,0.806366,0.716299,0.847209,0.880552,0.863290,0.807847,0.820260, 
697,0.000000,0.571970,0.758277,0.687260,0.844755,0.689912,0.592029, 
698,0.561165,0.469163,0.284645,0.834466,0.828581,0.630313,0.601389, 
699,0.847380,0.747263,0.710479,0.929414,0.973455,0.777565,0.830926, 
700,0.167581,0.000000,0.380200,0.740000,0.689604,0.614833,0.432036, 
701,0.781142,0.728538,0.704855,0.222094,0.732228,0.884121,0.675496, 
702,0.990648,0.962650,0.723888,0.805455,0.786579,0.930410,0.866605, 
703,0.557358,0.713652,0.574713,0.923420,0.982598,0.793357,0.757516, 
704,0.289555,0.918197,0.669119,0.937421,0.873372,0.973649,0.776886, 
705,0.642451,0.137392,0.810458,0.845651,0.596495,0.879466,0.651985, 
706,0.730799,0.106348,0.958689,0.607932,0.458796,0.648939,0.585250, 
707,0.275683,0.754245,0.851847,0.960058,0.695863,0.780007,0.719617, 
708,0.128974,0.767400,0.391389,0.615385,0.866488,0.951249,0.620147, 
709,0.620426,0.678803,0.461856,0.885563,0.881893,0.937803,0.744391, 
710,0.111889,0.830237,0.741419,0.732217,0.867262,0.441337,0.620727, 
711,0.648790,0.786517,0.395982,0.919795,0.855300,0.728426,0.722468, 
712,0.668612,0.683604,0.759062,0.897227,0.896601,0.815756,0.786810, 
713,0.751157,0.186303,0.795865,0.829852,0.647226,0.887380,0.682964, 
714,0.892826,0.896761,0.894225,0.766969,0.874799,0.978989,0.884095, 
715,0.254094,0.328640,0.858507,0.559829,0.425273,0.746722,0.528844, 
716,0.825737,0.475779,0.803707,0.900588,0.931255,0.704960,0.773671, 
717,0.794417,0.575575,0.649783,0.990899,0.866952,0.741387,0.769835, 
718,0.134489,0.729927,0.467661,0.980716,0.858041,0.687627,0.643077, 
719,0.913043,0.911724,0.799209,0.945200,0.964748,0.965876,0.916634, 
720,0.875380,0.666631,0.288382,0.852681,0.836521,0.843773,0.727228, 
721,0.920508,0.722733,0.617115,0.981585,0.713795,0.977653,0.822231, 
722,0.506943,0.489297,0.804580,0.000000,0.582676,0.767153,0.525108, 
723,0.507410,0.420802,0.811715,0.770074,0.758020,0.630144,0.649694, 
724,0.561798,0.022287,0.000000,0.248144,0.524206,0.417514,0.295658, 
725,0.589739,0.739390,0.829082,0.858589,0.757972,0.794639,0.761568, 
726,0.000000,0.715738,0.543469,0.585950,0.513359,0.730742,0.514876, 
727,0.881727,0.932643,0.871192,0.805110,0.927882,0.927855,0.891068, 
728,0.954116,0.417599,0.851813,0.750789,0.849009,0.776568,0.766649, 
729,0.000000,0.000000,0.314433,0.468371,0.718240,0.657194,0.359706, 
730,0.829375,0.194749,0.590559,0.858897,0.458015,0.575950,0.584591, 
731,0.669940,0.714286,0.705653,0.420398,0.766133,0.731384,0.667966, 
732,0.000000,0.819672,0.684932,0.858436,0.907531,0.699050,0.661603, 
733,0.714286,0.583090,0.417478,0.932492,0.583846,0.509354,0.623424, 
734,0.622502,0.676881,0.654206,0.926306,0.851405,0.726283,0.742930, 
735,0.653697,0.662539,0.628571,0.907216,0.508475,0.907155,0.711276, 
736,0.834151,0.888327,0.716856,0.303431,0.854091,0.650046,0.707817, 
737,0.659044,0.733509,0.797076,0.806967,0.857881,0.954094,0.801429, 
738,0.303200,0.360104,0.658590,0.612427,0.789813,0.893738,0.602979, 
739,0.410288,0.884956,0.707638,0.981696,0.917170,0.942536,0.807381, 
740,0.745786,0.684932,0.588824,0.362074,0.660457,0.682535,0.620768, 
741,0.452616,0.561798,0.393701,0.431344,0.910061,0.453638,0.533859, 
742,0.213114,0.273836,0.880720,0.506912,0.701745,0.727594,0.550654, 
743,0.479154,0.608899,0.694621,0.153272,0.846804,0.699390,0.580357, 
744,0.000000,0.778413,0.572738,0.552764,0.697281,0.894649,0.582641, 
745,0.000000,0.855746,0.681004,0.940072,0.911726,0.693636,0.680364, 
746,0.700884,0.182392,0.788644,0.508925,0.880646,0.713724,0.629202, 
747,0.000000,0.000000,0.458498,0.526004,0.624141,0.775489,0.397355, 
748,0.706288,0.500281,0.725868,0.766149,0.841084,0.930198,0.744978, 
749,0.772726,0.959610,0.796595,0.722813,0.960528,0.872585,0.847476, 
750,0.495904,0.000000,0.939166,0.582822,0.911336,0.945661,0.645815, 
751,0.392483,0.506768,0.199528,0.871270,0.344828,0.591645,0.484420, 
752,0.529483,0.000000,0.873010,0.540541,0.651747,0.772117,0.561150, 
753,0.882837,0.515698,0.236622,0.793568,0.683856,0.725673,0.639709, 
754,0.857994,0.956522,0.737491,0.910194,0.932406,0.920244,0.885809, 
755,0.786854,0.733138,0.934867,0.892968,0.739641,0.892234,0.829950, 
756,0.506944,0.463849,0.770732,0.767651,0.954961,0.825954,0.715015, 
757,0.792728,0.805468,0.863276,0.836731,0.890652,0.944134,0.855498, 
758,0.956357,0.870620,0.585991,0.840858,0.937202,0.955125,0.857692, 
759,0.000000,0.666476,0.613718,0.592179,0.828619,0.839012,0.590001, 
760,0.050800,0.695242,0.674727,0.645595,0.534351,0.845868,0.574430, 
761,0.908802,0.866600,0.850362,0.789916,0.906168,0.887565,0.868235, 
762,0.838534,0.811911,0.595329,0.882873,0.924848,0.921607,0.829184, 
763,0.731076,0.860245,0.863065,0.926478,0.845735,0.865252,0.848642, 
764,0.698495,0.762124,0.748321,0.723863,0.923160,0.587746,0.740618, 
765,0.263875,0.817815,0.617284,0.568182,0.440873,0.792772,0.583467, 
766,0.424568,0.332686,0.795892,0.758621,0.895434,0.892411,0.683269, 
767,0.551773,0.831947,0.829590,0.953261,0.571544,0.695295,0.738902, 
768,0.929578,0.223386,0.837280,0.883190,0.920278,0.580671,0.729064, 
769,0.909091,0.382465,0.103866,0.832722,0.496047,0.487279,0.535245, 
770,0.858529,0.295801,0.295877,0.784712,0.611356,0.683189,0.588244, 
771,0.248593,0.361244,0.453458,0.944845,0.788660,0.826526,0.603888, 
772,0.240514,0.848040,0.875766,0.680681,0.870654,0.987692,0.750558, 
773,0.739429,0.649351,0.471548,0.810119,0.848101,0.435050,0.658933, 
774,0.175432,0.588235,0.377875,0.989170,0.752725,0.674430,0.592978, 
775,0.880829,0.516490,0.901601,0.574330,0.896042,0.646019,0.735885, 
776,0.000000,0.615297,0.722475,0.434783,0.523142,0.603715,0.483235, 
777,0.000000,0.679832,0.714286,0.560000,0.769854,0.811051,0.589170, 
778,0.568001,0.807999,0.529845,0.870150,0.952989,0.899891,0.771479, 
779,0.490730,0.740512,0.633319,0.798802,0.935828,0.770948,0.728357, 
780,0.883482,0.752373,0.808444,0.393631,0.882840,0.730003,0.741795, 
781,0.556793,0.010482,0.083661,0.267380,0.513679,0.531286,0.327213, 
782,0.489086,0.508302,0.912543,0.885883,0.838177,0.849151,0.747190, 
783,0.880857,0.467664,0.856523,0.695475,0.911958,0.770195,0.763779, 
784,0.844211,0.680477,0.948247,0.910989,0.605963,0.956393,0.824380, 
785,0.000000,0.487607,0.863345,0.704653,0.858000,0.950222,0.643971, 
786,0.157208,0.632911,0.603844,0.286370,0.495660,0.972193,0.524698, 
787,0.355657,0.753630,0.282385,0.761663,0.949962,0.634305,0.622934, 
788,0.262925,0.066323,0.000000,0.613397,0.641365,0.599261,0.363879, 
789,0.592062,0.388505,0.804196,0.815737,0.909947,0.931177,0.740271, 
790,0.619159,0.472591,0.761108,0.705238,0.649937,0.965262,0.695549, 
791,0.702764,0.568734,0.474916,0.845541,0.709000,0.828333,0.688215, 
792,0.111672,0.871080,0.585187,0.905350,0.914953,0.843782,0.705337, 
793,0.957035,0.388474,0.834592,0.666667,0.747894,0.897927,0.748765, 
794,0.000000,0.000000,0.585749,0.731485,0.534351,0.797937,0.441587, 
795,0.013353,0.554108,0.515464,0.812371,0.756685,0.691570,0.557259, 
796,0.940622,0.350462,0.131030,0.813588,0.642784,0.532303,0.568465, 
797,0.737831,0.853755,0.587066,0.858407,0.973105,0.954814,0.827496, 
798,0.000000,0.615944,0.432783,0.878512,0.633395,0.921138,0.580295, 
799,0.851074,0.566167,0.951834,0.875810,0.818281,0.841787,0.817492, 
800,0.979592,0.529794,0.836311,0.839413,0.564784,0.660995,0.735148, 
801,0.624577,0.672646,0.381449,0.795200,0.928351,0.632909,0.672522, 
802,0.666008,0.632911,0.528541,0.967362,0.871406,0.576302,0.707088, 
803,0.082979,0.704103,0.539485,0.547550,0.782996,0.639520,0.549439, 
804,0.769231,0.325957,0.409380,0.929881,0.605558,0.702662,0.623778, 
805,0.803882,0.217405,0.427855,0.984339,0.549666,0.657276,0.606737, 
806,0.789302,0.662952,0.670487,0.912738,0.598802,0.919230,0.758919, 
807,0.769231,0.379747,0.588235,0.434783,0.375940,0.994083,0.590336, 
808,0.301058,0.933491,0.623724,0.661157,0.750718,0.742186,0.668722, 
809,0.859043,0.482618,0.233206,0.888380,0.626581,0.679259,0.628181, 
810,0.000000,0.733138,0.605327,0.345669,0.831318,0.895036,0.568415, 
811,0.611058,0.312428,0.840517,0.788506,0.694864,0.811352,0.676454, 
812,0.875010,0.881800,0.827981,0.774299,0.913481,0.919502,0.865345, 
813,0.642305,0.246690,0.700306,0.749272,0.914227,0.627889,0.646781, 
814,0.000000,0.738608,0.774984,0.877946,0.919245,0.595925,0.651118, 
815,0.564464,0.000000,0.531656,0.762149,0.751944,0.618000,0.538036, 
816,0.589708,0.115005,0.936366,0.755143,0.758702,0.521724,0.612775, 
817,0.810347,0.845501,0.760754,0.976445,0.787831,0.532392,0.785545, 
818,0.887722,0.736926,0.700662,0.926114,0.676592,0.950869,0.813147, 
819,0.577605,0.763359,0.430734,0.508969,0.920752,0.728189,0.654935, 
820,0.563807,0.721710,0.632911,0.899677,0.951892,0.795341,0.760890, 
821,0.718656,0.357560,0.862840,0.913575,0.807675,0.629560,0.714978, 
822,0.816803,0.592077,0.898143,0.735798,0.917472,0.756117,0.786068, 
823,0.000000,0.730433,0.373808,0.937181,0.744101,0.971375,0.626150, 
824,0.213226,0.794893,0.746269,0.953272,0.985072,0.865292,0.759671, 
825,0.654388,0.184586,0.931721,0.778720,0.834537,0.734995,0.686491, 
826,0.412420,0.901821,0.694519,0.724638,0.899110,0.731352,0.727310, 
827,0.529483,0.000000,0.817914,0.540541,0.601381,0.750016,0.539889, 
828,0.836120,0.364398,0.129711,0.838274,0.479290,0.376303,0.504016, 
829,0.744589,0.938088,0.330486,0.840774,0.910243,0.687443,0.741937, 
830,0.000000,0.689465,0.576606,0.343293,0.781851,0.890164,0.546897, 
831,0.784059,0.861575,0.756491,0.749486,0.793614,0.908494,0.808953, 
832,0.034551,0.691243,0.655399,0.622010,0.765745,0.839034,0.601330, 
833,0.335763,0.727911,0.475055,0.847029,0.933447,0.958805,0.713002, 
834,0.000000,0.465790,0.662021,0.786746,0.629731,0.911276,0.575927, 
835,0.141767,0.720711,0.157699,0.801810,0.965786,0.865788,0.608927, 
836,0.303958,0.833713,0.714286,0.973519,0.935913,0.748570,0.751660, 
837,0.000000,0.000000,0.191848,0.230769,0.556190,0.491100,0.244985, 
838,0.388619,0.662689,0.763340,0.729154,0.857134,0.837894,0.706472, 
839,0.455569,0.671431,0.000000,0.506912,0.671689,0.729162,0.505794, 
840,0.639208,0.265625,0.891040,0.792800,0.850571,0.821324,0.710095, 
841,0.127474,0.589567,0.912524,0.867493,0.661785,0.773429,0.655378, 
842,0.108409,0.557994,0.499777,0.919435,0.889235,0.714193,0.614841, 
843,0.419754,0.000000,0.804130,0.540541,0.698067,0.758832,0.536887, 
844,0.511274,0.900548,0.702703,0.898948,0.943123,0.969369,0.820994, 
845,0.000000,0.752347,0.697674,0.717409,0.635855,0.930492,0.622296, 
846,0.087073,0.666752,0.637981,0.263234,0.829997,0.898707,0.563957, 
847,0.802694,0.770925,0.835260,0.897898,0.812860,0.758213,0.812975, 
848,0.608997,0.895008,0.621732,0.906858,0.839046,0.968566,0.806701, 
849,0.494895,0.468085,0.240172,0.069425,0.361358,0.574457,0.368065, 
850,0.380303,0.315696,0.608866,0.850486,0.598769,0.954043,0.618027, 
851,0.545041,0.224684,0.000000,0.906798,0.522010,0.529341,0.454646, 
852,0.000000,0.780431,0.767997,0.632622,0.843534,0.649149,0.612289, 
853,0.800000,0.151662,0.000000,0.322638,0.612058,0.844250,0.455101, 
854,0.231951,0.639284,0.379123,0.946244,0.674124,0.940620,0.635224, 
855,0.127481,0.507904,0.768706,0.709476,0.941899,0.837538,0.648834, 
856,0.159602,0.227797,0.319846,0.764789,0.635207,0.814162,0.486900, 
857,0.746269,0.393008,0.396040,0.928318,0.375940,0.679452,0.586504, 
858,0.898678,0.791007,0.844205,0.807265,0.836555,0.913444,0.848526, 
859,0.845401,0.833173,0.793806,0.810518,0.905518,0.940188,0.854767, 
860,0.146038,0.768168,0.433571,0.831816,0.764179,0.940341,0.647352, 
861,0.805510,0.661441,0.593943,0.467522,0.829188,0.696508,0.675685, 
862,0.268044,0.142648,0.833589,0.697998,0.626703,0.916810,0.580965, 
863,0.454264,0.801978,0.789538,0.666955,0.737223,0.633473,0.680572, 
864,0.961762,0.317432,0.509509,0.725147,0.613416,0.868259,0.665921, 
865,0.857994,0.512500,0.796374,0.294304,0.862269,0.961920,0.714227, 
866,0.254094,0.328640,0.858507,0.578780,0.425273,0.740729,0.531004, 
867,0.812396,0.646958,0.333266,0.735267,0.691720,0.935118,0.692454, 
868,0.809561,0.908067,0.643244,0.736842,0.724808,0.716491,0.756502, 
869,0.567224,0.402238,0.741429,0.799101,0.869259,0.823694,0.700491, 
870,0.001035,0.482398,0.953590,0.496835,0.925716,0.601333,0.576818, 
871,0.784577,0.857652,0.716519,0.849844,0.940636,0.798004,0.824539, 
872,0.896087,0.341517,0.519699,0.425803,0.608573,0.937386,0.621511, 
873,0.902821,0.789377,0.803682,0.957520,0.880166,0.962652,0.882703, 
874,0.216671,0.855746,0.698169,0.931066,0.958024,0.757705,0.736230, 
875,0.511821,0.751842,0.537925,0.745354,0.681727,0.627470,0.642690, 
876,0.876996,0.736456,0.676217,0.883917,0.591796,0.968183,0.788928, 
877,0.564375,0.100428,0.142749,0.753398,0.646235,0.615476,0.470443, 
878,0.503883,0.931544,0.913349,0.591988,0.845118,0.967008,0.792148, 
879,0.847964,0.000000,0.511794,0.819778,0.864268,0.647696,0.615250, 
880,0.411714,0.353451,0.812297,0.789431,0.801103,0.644490,0.635414, 
881,0.600793,0.527069,0.863168,0.697442,0.818752,0.617486,0.687452, 
882,0.380358,0.000000,0.876200,0.620451,0.643300,0.588019,0.518055, 
883,0.000000,0.000000,0.874987,0.510949,0.588970,0.314713,0.381603, 
884,0.193415,0.428351,0.517872,0.954079,0.969000,0.756947,0.636611, 
885,0.812396,0.585222,0.952092,0.751144,0.691720,0.928851,0.786904, 
886,0.907069,0.651382,0.268688,0.913982,0.631852,0.796036,0.694835, 
887,0.048568,0.696913,0.670720,0.605327,0.775422,0.885954,0.613817, 
888,0.912577,0.733138,0.882320,0.948261,0.729451,0.434783,0.773421, 
889,0.264961,0.768076,0.501003,0.928622,0.980377,0.708000,0.691840, 
890,0.355348,0.909091,0.622010,0.983914,0.878450,0.980091,0.788151, 
891,0.386856,0.800120,0.819672,0.863066,0.924614,0.853905,0.774705, 
892,0.899656,0.480161,0.437329,0.749817,0.893677,0.883251,0.723982, 
893,0.741733,0.719783,0.874766,0.917441,0.877812,0.718688,0.808371, 
894,0.119722,0.717210,0.733138,0.978381,0.808575,0.676024,0.672175, 
895,0.000000,0.791738,0.622010,0.426938,0.887981,0.950187,0.613142, 
896,0.643516,0.821099,0.783134,0.756114,0.936893,0.970225,0.818497, 
897,0.548733,0.746972,0.612588,0.840192,0.732520,0.852369,0.722229, 
898,0.559462,0.617533,0.800261,0.000000,0.665390,0.759019,0.566944, 
899,0.000000,0.139971,0.487622,0.495177,0.773646,0.863827,0.460040, 
900,0.406581,0.610105,0.362282,0.984043,0.500758,0.273973,0.522957, 
901,0.792225,0.758887,0.657314,0.979053,0.545751,0.936882,0.778352, 
902,0.600787,0.813461,0.000000,0.594052,0.689540,0.881308,0.596524, 
903,0.862069,0.361242,0.437142,0.863656,0.559173,0.458103,0.590231, 
904,0.576556,0.703647,0.823703,0.911889,0.899794,0.822977,0.789761, 
905,0.146623,0.688371,0.672168,0.664606,0.776614,0.877827,0.637702, 
906,0.000000,0.756994,0.701821,0.599593,0.761116,0.581096,0.566770, 
907,0.000000,0.746429,0.576606,0.729198,0.836635,0.728942,0.602968, 
908,0.655344,0.818452,0.768920,0.943783,0.561983,0.965453,0.785656, 
909,0.769061,0.942203,0.704490,0.788462,0.905566,0.874973,0.830792, 
910,0.172669,0.000000,0.882582,0.586471,0.600815,0.566675,0.468202, 
911,0.020506,0.372745,0.911790,0.749385,0.719670,0.863061,0.606193, 
912,0.368694,0.357228,0.152921,0.457143,0.657967,0.711674,0.450938, 
913,0.000000,0.000000,0.375405,0.479644,0.573091,0.777437,0.367596, 
914,0.530180,0.913313,0.845481,0.669714,0.955228,0.750755,0.777445, 
915,0.789631,0.643370,0.534251,0.527035,0.867231,0.951446,0.718827, 
916,0.790643,0.576248,0.877269,0.917541,0.671243,0.497876,0.721803, 
917,0.467502,0.369520,0.898586,0.574537,0.522624,0.707438,0.590034, 
918,0.000000,0.701403,0.500000,0.226631,0.827624,0.933265,0.531487, 
919,0.583916,0.588235,0.305195,0.705189,0.298805,0.795061,0.546067, 
920,0.000000,0.547687,0.928484,0.832899,0.657712,0.670709,0.606249, 
921,0.000000,0.795371,0.621606,0.622010,0.797361,0.772170,0.601420, 
922,0.323372,0.698261,0.471698,0.935439,0.816041,0.571086,0.635983, 
923,0.000000,0.658837,0.910911,0.862541,0.838687,0.701064,0.662007, 
924,0.686760,0.687980,0.405820,0.933902,0.664579,0.941851,0.720149, 
925,0.787447,0.669892,0.908545,0.808370,0.785261,0.778166,0.789614, 
926,0.376340,0.741525,0.540499,0.943962,0.869099,0.582369,0.675632, 
927,0.202578,0.211153,0.734597,0.647887,0.822345,0.882599,0.583527, 
928,0.716016,0.819672,0.378102,0.908873,0.615921,0.960028,0.733102, 
929,0.000000,0.000000,0.314349,0.582981,0.683703,0.789924,0.395160, 
930,0.290690,0.259033,0.022768,0.941869,0.567794,0.554004,0.439360, 
931,0.615203,0.662864,0.526565,0.898595,0.885439,0.776834,0.727583, 
932,0.589907,0.772346,0.621517,0.918159,0.962714,0.965426,0.805011, 
933,0.857994,0.388258,0.610920,0.892776,0.954455,0.898115,0.767086, 
934,0.562909,0.707344,0.701886,0.506889,0.834666,0.932444,0.707689, 
935,0.777684,0.211680,0.935482,0.894174,0.849573,0.706590,0.729197, 
936,0.714286,0.211963,0.992835,0.545743,0.375940,0.720366,0.593522, 
937,0.436898,0.411359,0.796727,0.879394,0.821623,0.554194,0.650033, 
938,0.477955,0.619736,0.635018,0.892984,0.970303,0.958314,0.759052, 
939,0.709291,0.643524,0.854945,0.884987,0.900068,0.844922,0.806289, 
940,0.622659,0.806514,0.400968,0.919411,0.479846,0.944385,0.695631, 
941,0.774048,0.887715,0.629939,0.767726,0.779593,0.763866,0.767148, 
942,0.300706,0.436018,0.169540,0.950867,0.584002,0.580971,0.503684, 
943,0.875708,0.527177,0.209471,0.862122,0.574156,0.689082,0.622953, 
944,0.673310,0.510569,0.352311,0.504792,0.939059,0.601604,0.596941, 
945,0.879415,0.767661,0.606011,0.974845,0.651012,0.959338,0.806380, 
946,0.837209,0.217010,0.816836,0.757161,0.737026,0.902287,0.711255, 
947,0.878049,0.130257,0.904041,0.705036,0.841380,0.744404,0.700528, 
948,0.808964,0.819672,0.338745,0.553013,0.913836,0.930652,0.727480, 
949,0.749372,0.604181,0.613321,0.612234,0.942469,0.972243,0.748970, 
950,0.769231,0.487436,0.164944,0.926663,0.344828,0.611160,0.550710, 
951,0.721332,0.664209,0.812801,0.828882,0.734039,0.903015,0.777380, 
952,0.585824,0.007661,0.215126,0.789687,0.723432,0.628432,0.491694, 
953,0.779476,0.000000,0.862892,0.396040,0.713766,0.644573,0.566125, 
954,0.082386,0.918197,0.694615,0.983223,0.966107,0.888396,0.755487, 
955,0.863518,0.890416,0.635956,0.841990,0.666667,0.879350,0.796316, 
956,0.324239,0.733138,0.554759,0.250831,0.966521,0.900447,0.621656, 
957,0.379230,0.806444,0.982936,0.661092,0.913910,0.730677,0.745715, 
958,0.464129,0.884065,0.792171,0.714286,0.793351,0.742105,0.731685, 
959,0.241330,0.819450,0.676379,0.939360,0.936323,0.985768,0.766435, 
960,0.769231,0.487436,0.164944,0.926663,0.344828,0.611160,0.550710, 
961,0.600830,0.726697,0.428990,0.707569,0.873440,0.669681,0.667868, 
962,0.012613,0.503778,0.318471,0.373832,0.888602,0.252207,0.391584, 
963,0.214747,0.270047,0.332145,0.792681,0.636309,0.783380,0.504885, 
964,0.672822,0.000000,0.835451,0.746835,0.866528,0.815233,0.656145, 
965,0.134273,0.630100,0.588235,0.852168,0.915898,0.808882,0.654926, 
966,0.972763,0.704225,0.648231,0.925123,0.966309,0.737007,0.825610, 
967,0.834998,0.858653,0.756087,0.849979,0.671538,0.969791,0.823507, 
968,0.000000,0.786424,0.678920,0.787012,0.811321,0.719702,0.630563, 
969,0.092020,0.733138,0.626703,0.315973,0.942052,0.898486,0.601395, 
970,0.596991,0.124418,0.605713,0.871146,0.770284,0.808736,0.629548, 
971,0.835473,0.208976,0.666040,0.798465,0.882428,0.789960,0.696890, 
972,0.000000,0.000000,0.487622,0.363636,0.742954,0.765919,0.393355, 
973,0.523780,0.819672,0.684932,0.895177,0.816523,0.949075,0.781526, 
974,0.868953,0.540541,0.215900,0.874872,0.571255,0.674540,0.624343, 
975,0.000000,0.780065,0.730340,0.723537,0.918343,0.624563,0.629475, 
976,0.709767,0.632911,0.657314,0.556420,0.712973,0.922993,0.698730, 
977,0.767320,0.912635,0.893672,0.900821,0.598802,0.967071,0.840054, 
978,0.404669,0.773994,0.544987,0.762322,0.460143,0.710444,0.609426, 
979,0.646782,0.000000,0.384199,0.757281,0.512465,0.744948,0.507613, 
980,0.658678,0.835900,0.580465,0.901878,0.976075,0.812522,0.794253, 
981,0.790859,0.644609,0.880239,0.877637,0.633977,0.864208,0.781922, 
982,0.696226,0.634102,0.650703,0.961109,0.959506,0.799345,0.783499, 
983,0.748292,0.805328,0.853444,0.861200,0.805233,0.938862,0.835393, 
984,0.860734,0.877108,0.922213,0.705882,0.625000,0.976623,0.827927, 
985,0.000000,0.719341,0.578934,0.752904,0.896749,0.887747,0.639279, 
986,0.868968,0.640139,0.424096,0.726455,0.795226,0.782198,0.706180, 
987,0.000000,0.045879,0.948662,0.523958,0.608058,0.653888,0.463407, 
988,0.437226,0.959403,0.621052,0.654206,0.659841,0.518458,0.641698, 
989,0.555271,0.722212,0.443011,0.906210,0.466694,0.828757,0.653692, 
990,0.405805,0.745127,0.833730,0.870668,0.825595,0.833483,0.752401, 
991,0.308539,0.922678,0.177207,0.731732,0.602764,0.936180,0.613183, 
992,0.876054,0.637537,0.838782,0.678362,0.841443,0.922895,0.799179, 
993,0.378791,0.929368,0.726791,0.964611,0.980676,0.980990,0.826871, 
994,0.617152,0.000000,0.882708,0.978495,0.607947,0.495683,0.596997, 
995,0.000000,0.697237,0.162540,0.716079,0.709837,0.587473,0.478861, 
996,0.172956,0.318489,0.083511,0.925923,0.649597,0.721376,0.478642, 
997,0.808290,0.794045,0.445544,0.876708,0.908408,0.742707,0.762617, 
998,0.000000,0.909091,0.419633,0.959221,0.911488,0.974743,0.695696, 
999,0.785156,0.852425,0.577405,0.915754,0.312877,0.944763,0.731397, 
1000,0.000000,0.549451,0.407049,0.249265,0.812650,0.538525,0.426157, 
