ó^Ç¶ÇΩèdóvìx,0.320000,0.380000,0.240000,0.320000,0.160000,0.280000,0.080000,0.220000,1.000000,

é¿çsâÒêî,wL[0],wR[0],wL[1],wR[1],wL[2],wR[2],wL[3],wR[3],ãÊä‘ïùÇÃëçòa
1,0.321631, 0.338363,0.321631, 0.338363,0.164999, 0.234165,0.105841, 0.175007,0.171796
2,0.355342, 0.387287,0.172747, 0.386663,0.149195, 0.283192,0.071715, 0.193861,0.502004
3,0.285888, 0.407193,0.185614, 0.306919,0.187646, 0.219547,0.187646, 0.219547,0.306411
4,0.230429, 0.526549,0.164171, 0.296687,0.164171, 0.296687,0.012594, 0.308713,0.857273
5,0.304188, 0.427521,0.215324, 0.340220,0.195745, 0.269372,0.107362, 0.140268,0.354764
6,0.249200, 0.494320,0.150945, 0.331773,0.183271, 0.283765,0.038644, 0.268083,0.755882
7,0.333892, 0.502293,0.167164, 0.332217,0.219246, 0.225943,0.088914, 0.130332,0.381568
8,0.420271, 0.431298,0.185114, 0.277354,0.158185, 0.230917,0.120652, 0.176210,0.231556
9,0.234269, 0.495184,0.192399, 0.424102,0.184454, 0.324053,0.069015, 0.076524,0.639725
10,0.298794, 0.359081,0.235117, 0.397890,0.129766, 0.276036,0.114921, 0.188395,0.442803
11,0.288909, 0.328813,0.172536, 0.308861,0.288909, 0.328813,0.073417, 0.209741,0.352457
12,0.245181, 0.357900,0.286928, 0.429885,0.187016, 0.273107,0.108568, 0.111414,0.344613
13,0.268795, 0.379930,0.226456, 0.319346,0.294768, 0.302495,0.084625, 0.123585,0.250712
14,0.288854, 0.321144,0.288854, 0.321144,0.248719, 0.304999,0.085003, 0.141282,0.177139
15,0.261354, 0.413352,0.263114, 0.283797,0.186411, 0.339817,0.106517, 0.145639,0.365208
16,0.252234, 0.536030,0.147044, 0.330796,0.213968, 0.237244,0.012759, 0.269927,0.747992
17,0.288909, 0.328813,0.172536, 0.308861,0.288909, 0.328813,0.073417, 0.209741,0.352457
18,0.285416, 0.450039,0.209399, 0.354357,0.130374, 0.269575,0.100737, 0.200103,0.548148
19,0.265580, 0.512159,0.200759, 0.398198,0.117469, 0.258753,0.037471, 0.209612,0.757443
20,0.248640, 0.436819,0.180454, 0.297383,0.259410, 0.287635,0.085344, 0.204315,0.452303
21,0.241374, 0.425199,0.236849, 0.376060,0.168573, 0.301238,0.091771, 0.158936,0.522866
22,0.298794, 0.359081,0.235117, 0.397890,0.129766, 0.276036,0.114921, 0.188395,0.442803
23,0.219194, 0.435408,0.248523, 0.384787,0.168973, 0.335152,0.031538, 0.176425,0.663542
24,0.347711, 0.366108,0.220564, 0.396361,0.139002, 0.260016,0.068275, 0.201962,0.448896
25,0.284816, 0.396493,0.285346, 0.300406,0.231332, 0.306642,0.072416, 0.122549,0.252179
26,0.282605, 0.478266,0.186438, 0.353352,0.191785, 0.304532,0.025417, 0.177605,0.627510
27,0.285416, 0.450039,0.209399, 0.354357,0.130374, 0.269575,0.100737, 0.200103,0.548148
28,0.401146, 0.432665,0.198663, 0.315664,0.162209, 0.222222,0.091452, 0.175979,0.293060
29,0.333333, 0.333333,0.333333, 0.333333,0.166667, 0.166667,0.166667, 0.166667,0.000001
30,0.342830, 0.410902,0.264608, 0.376866,0.155336, 0.221530,0.057835, 0.170093,0.358782
31,0.248718, 0.304999,0.288860, 0.321138,0.288860, 0.321138,0.085003, 0.141284,0.177116
32,0.233345, 0.404899,0.179155, 0.306521,0.273733, 0.288227,0.109425, 0.204696,0.408685
33,0.285416, 0.450039,0.209399, 0.354357,0.130374, 0.269575,0.100737, 0.200103,0.548148
34,0.285714, 0.285714,0.285714, 0.285714,0.285714, 0.285714,0.142857, 0.142857,0.000001
35,0.277254, 0.312022,0.294638, 0.418149,0.189001, 0.312511,0.081807, 0.114618,0.314601
36,0.291426, 0.348658,0.291426, 0.348658,0.160021, 0.325460,0.034455, 0.199895,0.445344
37,0.274809, 0.365753,0.232923, 0.445431,0.109821, 0.291503,0.082408, 0.197351,0.600077
38,0.237737, 0.454655,0.182745, 0.388344,0.082715, 0.326902,0.146137, 0.180765,0.701334
39,0.304188, 0.427521,0.215324, 0.340220,0.195745, 0.269372,0.107362, 0.140268,0.354764
40,0.353249, 0.496475,0.215677, 0.324457,0.113387, 0.209186,0.109339, 0.178229,0.416694
41,0.326079, 0.399695,0.304651, 0.347507,0.141779, 0.184299,0.111187, 0.184803,0.232607
42,0.285416, 0.450039,0.209399, 0.354357,0.130374, 0.269575,0.100737, 0.200103,0.548148
43,0.351415, 0.356593,0.351415, 0.356593,0.143964, 0.177378,0.114991, 0.147652,0.076431
44,0.338159, 0.413071,0.341344, 0.350293,0.137842, 0.178180,0.097997, 0.143113,0.169314
45,0.325063, 0.351558,0.237537, 0.338311,0.154223, 0.254997,0.156750, 0.181561,0.252852
46,0.288032, 0.506023,0.209044, 0.344497,0.150254, 0.166602,0.098865, 0.236685,0.507613
47,0.236834, 0.376058,0.241386, 0.425209,0.168570, 0.301237,0.091804, 0.158902,0.522812
48,0.281383, 0.476221,0.155302, 0.330372,0.160748, 0.232943,0.137532, 0.225498,0.530068
49,0.352550, 0.387589,0.320344, 0.370069,0.167583, 0.202486,0.074827, 0.124552,0.169393
50,0.241374, 0.425199,0.236849, 0.376060,0.168573, 0.301238,0.091771, 0.158936,0.522866
51,0.304645, 0.347511,0.326078, 0.399695,0.141772, 0.184306,0.111188, 0.184805,0.232635
52,0.191394, 0.462059,0.191398, 0.462055,0.150374, 0.311692,0.067665, 0.163363,0.798338
53,0.288854, 0.321144,0.248719, 0.304999,0.288854, 0.321144,0.085003, 0.141282,0.177139
54,0.285416, 0.450039,0.209399, 0.354357,0.130374, 0.269575,0.100737, 0.200103,0.548148
55,0.259402, 0.392050,0.351828, 0.361051,0.132697, 0.254457,0.101008, 0.147506,0.310129
56,0.333333, 0.333333,0.333333, 0.333333,0.166667, 0.166667,0.166667, 0.166667,0.000001
57,0.384203, 0.406208,0.187584, 0.207621,0.197603, 0.280437,0.126756, 0.209589,0.207711
58,0.384203, 0.406208,0.187584, 0.207621,0.197603, 0.280437,0.126756, 0.209589,0.207711
59,0.358659, 0.369610,0.273101, 0.410848,0.136722, 0.271731,0.072724, 0.106605,0.317589
60,0.235104, 0.397897,0.298781, 0.359101,0.129759, 0.276035,0.114912, 0.188411,0.442887
61,0.280849, 0.398566,0.264515, 0.297182,0.180161, 0.297879,0.124788, 0.156060,0.299373
62,0.289462, 0.529267,0.200395, 0.378538,0.109613, 0.299751,0.029259, 0.163715,0.742542
63,0.215177, 0.460833,0.136463, 0.338005,0.146623, 0.394150,0.071517, 0.237234,0.860442
64,0.285416, 0.450039,0.209399, 0.354357,0.130374, 0.269575,0.100737, 0.200103,0.548148
65,0.268795, 0.379930,0.226456, 0.319346,0.294768, 0.302495,0.084625, 0.123585,0.250712
66,0.413233, 0.445702,0.205233, 0.324591,0.144693, 0.268540,0.083646, 0.114362,0.306389
67,0.261354, 0.413352,0.263114, 0.283797,0.186411, 0.339817,0.106517, 0.145639,0.365208
68,0.240699, 0.421329,0.207967, 0.273431,0.207967, 0.273431,0.097273, 0.277904,0.492189
69,0.189215, 0.476700,0.156329, 0.428775,0.131074, 0.332957,0.052934, 0.232016,0.940897
70,0.264510, 0.297184,0.280847, 0.398576,0.180154, 0.297883,0.124785, 0.156061,0.299409
71,0.315079, 0.522643,0.214478, 0.375962,0.106005, 0.209073,0.058496, 0.198264,0.611885
72,0.235104, 0.397897,0.298781, 0.359101,0.129759, 0.276035,0.114912, 0.188411,0.442887
73,0.270961, 0.324131,0.247103, 0.418201,0.183879, 0.330436,0.074472, 0.150818,0.447172
74,0.326079, 0.399695,0.304651, 0.347507,0.141779, 0.184299,0.111187, 0.184803,0.232607
75,0.242639, 0.443653,0.150543, 0.334734,0.142140, 0.343146,0.091882, 0.251264,0.745593
76,0.250588, 0.494689,0.168458, 0.422289,0.146384, 0.345062,0.086265, 0.086265,0.696610
77,0.246925, 0.397964,0.336463, 0.362915,0.128885, 0.302540,0.076709, 0.147600,0.422036
78,0.347643, 0.371479,0.194407, 0.375295,0.145290, 0.251625,0.101098, 0.213163,0.423124
79,0.237954, 0.430545,0.191792, 0.373192,0.252992, 0.280518,0.087428, 0.145579,0.459669
80,0.333333, 0.333333,0.333333, 0.333333,0.166667, 0.166667,0.166667, 0.166667,0.000001
81,0.354636, 0.384500,0.259484, 0.369568,0.168472, 0.278556,0.078841, 0.105943,0.277134
82,0.246925, 0.397964,0.336463, 0.362915,0.128885, 0.302540,0.076709, 0.147600,0.422036
83,0.325063, 0.351558,0.237537, 0.338311,0.156750, 0.181561,0.154223, 0.254997,0.252852
84,0.285888, 0.407193,0.185614, 0.306919,0.187646, 0.219547,0.187646, 0.219547,0.306411
85,0.355342, 0.387287,0.172747, 0.386663,0.149195, 0.283192,0.071715, 0.193861,0.502004
86,0.354636, 0.384500,0.259484, 0.369568,0.168472, 0.278556,0.078841, 0.105943,0.277134
87,0.286457, 0.415956,0.239067, 0.401378,0.169535, 0.285194,0.085344, 0.117069,0.439193
88,0.325063, 0.351558,0.237537, 0.338311,0.154223, 0.254997,0.156750, 0.181561,0.252852
89,0.242639, 0.443653,0.142140, 0.343146,0.150543, 0.334734,0.091882, 0.251264,0.745593
90,0.280368, 0.343664,0.262088, 0.298647,0.262088, 0.298647,0.095601, 0.158897,0.199711
91,0.333333, 0.333333,0.333333, 0.333333,0.166667, 0.166667,0.166667, 0.166667,0.000001
92,0.354892, 0.396812,0.129685, 0.352853,0.129217, 0.331814,0.094868, 0.209859,0.582677
93,0.271486, 0.471081,0.208438, 0.356623,0.159238, 0.167669,0.127311, 0.238154,0.467055
94,0.358659, 0.369610,0.273101, 0.410848,0.136722, 0.271731,0.072724, 0.106605,0.317589
95,0.318290, 0.453342,0.206651, 0.341703,0.208347, 0.244995,0.095577, 0.131094,0.342269
96,0.338159, 0.413071,0.341344, 0.350293,0.137842, 0.178180,0.097997, 0.143113,0.169314
97,0.236834, 0.376058,0.241386, 0.425209,0.168570, 0.301237,0.091804, 0.158902,0.522812
98,0.241374, 0.425199,0.236849, 0.376060,0.168573, 0.301238,0.091771, 0.158936,0.522866
99,0.246267, 0.349489,0.232556, 0.259977,0.232556, 0.259977,0.157977, 0.261200,0.261287
100,0.242639, 0.443653,0.150543, 0.334734,0.142140, 0.343146,0.091882, 0.251264,0.745593
101,0.245181, 0.357900,0.286928, 0.429885,0.187016, 0.273107,0.108568, 0.111414,0.344613
102,0.305917, 0.344016,0.305917, 0.344016,0.162483, 0.284402,0.065666, 0.187584,0.320036
103,0.326079, 0.399695,0.304651, 0.347507,0.141779, 0.184299,0.111187, 0.184803,0.232607
104,0.261354, 0.413352,0.263114, 0.283797,0.186411, 0.339817,0.106517, 0.145639,0.365208
105,0.304188, 0.427521,0.215324, 0.340220,0.195745, 0.269372,0.107362, 0.140268,0.354764
106,0.247097, 0.418194,0.270968, 0.324129,0.183871, 0.330452,0.074452, 0.150839,0.447226
107,0.298794, 0.359081,0.235117, 0.397890,0.129766, 0.276036,0.114921, 0.188395,0.442803
108,0.237528, 0.338313,0.325061, 0.351566,0.154216, 0.255001,0.156749, 0.181565,0.252891
109,0.342830, 0.410902,0.264608, 0.376866,0.155336, 0.221530,0.057835, 0.170093,0.358782
110,0.276140, 0.504909,0.190353, 0.361927,0.092723, 0.297802,0.080883, 0.195262,0.719801
111,0.333892, 0.502293,0.219246, 0.225943,0.167164, 0.332217,0.088914, 0.130332,0.381568
112,0.325063, 0.351558,0.237537, 0.338311,0.154223, 0.254997,0.156750, 0.181561,0.252852
113,0.423666, 0.452230,0.218974, 0.268411,0.204916, 0.233032,0.074667, 0.124104,0.155553
114,0.228721, 0.483457,0.187843, 0.414058,0.180086, 0.316378,0.089841, 0.099616,0.627018
115,0.358659, 0.369610,0.273101, 0.410848,0.136722, 0.271731,0.072724, 0.106605,0.317589
116,0.280368, 0.343664,0.262088, 0.298647,0.262088, 0.298647,0.095601, 0.158897,0.199711
117,0.347711, 0.366108,0.139002, 0.260016,0.220564, 0.396361,0.068275, 0.201962,0.448896
118,0.280849, 0.398566,0.180161, 0.297879,0.264515, 0.297182,0.124788, 0.156060,0.299373
119,0.303927, 0.482012,0.227592, 0.357254,0.143428, 0.298507,0.071150, 0.116130,0.507806
120,0.215322, 0.340219,0.304188, 0.427525,0.195747, 0.269369,0.107359, 0.140270,0.354767
121,0.333333, 0.333333,0.333333, 0.333333,0.166667, 0.166667,0.166667, 0.166667,0.000001
122,0.226830, 0.463816,0.111687, 0.383669,0.123352, 0.295312,0.187470, 0.207864,0.701321
123,0.285416, 0.450039,0.209399, 0.354357,0.130374, 0.269575,0.100737, 0.200103,0.548148
124,0.294640, 0.418138,0.277261, 0.312019,0.189008, 0.312507,0.081810, 0.114617,0.314562
125,0.280849, 0.398566,0.264515, 0.297182,0.180161, 0.297879,0.124788, 0.156060,0.299373
126,0.278152, 0.497878,0.182522, 0.315356,0.182522, 0.315356,0.004245, 0.223970,0.705119
127,0.265580, 0.512159,0.200759, 0.398198,0.117469, 0.258753,0.037471, 0.209612,0.757443
128,0.355791, 0.504921,0.228236, 0.377366,0.156763, 0.199029,0.068256, 0.109639,0.381908
129,0.237528, 0.338313,0.325061, 0.351566,0.154216, 0.255001,0.156749, 0.181565,0.252891
130,0.277332, 0.530378,0.130755, 0.347085,0.136519, 0.244829,0.098107, 0.234995,0.714573
131,0.285888, 0.407193,0.185614, 0.306919,0.187646, 0.219547,0.187646, 0.219547,0.306411
132,0.286457, 0.415956,0.239067, 0.401378,0.169535, 0.285194,0.085344, 0.117069,0.439193
133,0.248718, 0.304999,0.288860, 0.321138,0.288860, 0.321138,0.085003, 0.141284,0.177116
134,0.305917, 0.344016,0.305917, 0.344016,0.162483, 0.284402,0.065666, 0.187584,0.320036
135,0.264510, 0.297184,0.280847, 0.398576,0.180154, 0.297883,0.124785, 0.156061,0.299409
136,0.179233, 0.529030,0.111845, 0.448968,0.101472, 0.354131,0.018244, 0.257078,1.178414
137,0.356004, 0.381561,0.227902, 0.409547,0.129475, 0.289365,0.071813, 0.134333,0.429613
138,0.280368, 0.343664,0.262088, 0.298647,0.262088, 0.298647,0.095601, 0.158897,0.199711
139,0.345323, 0.356506,0.345323, 0.356506,0.171880, 0.206237,0.095512, 0.122714,0.083926
140,0.360770, 0.372386,0.360770, 0.372386,0.128692, 0.183289,0.083555, 0.138151,0.132426
141,0.351823, 0.361055,0.259401, 0.392061,0.132687, 0.254460,0.101002, 0.147511,0.310173
142,0.276140, 0.504909,0.190353, 0.361927,0.092723, 0.297802,0.080883, 0.195262,0.719801
143,0.347711, 0.366108,0.220564, 0.396361,0.139002, 0.260016,0.068275, 0.201962,0.448896
144,0.339643, 0.354767,0.222696, 0.436631,0.117463, 0.278836,0.042561, 0.207402,0.555273
145,0.237528, 0.338313,0.325061, 0.351566,0.154216, 0.255001,0.156749, 0.181565,0.252891
146,0.298794, 0.359081,0.235117, 0.397890,0.129766, 0.276036,0.114921, 0.188395,0.442803
147,0.277332, 0.530378,0.130755, 0.347085,0.136519, 0.244829,0.098107, 0.234995,0.714573
148,0.259474, 0.369571,0.354633, 0.384509,0.168465, 0.278562,0.078838, 0.105947,0.277178
149,0.363636, 0.363636,0.363636, 0.363636,0.181818, 0.181818,0.090909, 0.090909,0.000001
150,0.232920, 0.445444,0.274797, 0.365761,0.109816, 0.291503,0.082396, 0.197363,0.600142
151,0.340243, 0.421781,0.190506, 0.387463,0.156438, 0.224574,0.041019, 0.237976,0.543587
152,0.266108, 0.295848,0.204340, 0.390770,0.157066, 0.333792,0.071098, 0.280978,0.602776
153,0.351415, 0.356593,0.351415, 0.356593,0.143964, 0.177378,0.114991, 0.147652,0.076431
154,0.363460, 0.567114,0.188299, 0.323645,0.103579, 0.209315,0.055285, 0.189302,0.578753
155,0.297050, 0.302989,0.262351, 0.400026,0.162214, 0.313148,0.086878, 0.175343,0.383013
156,0.242639, 0.443653,0.150543, 0.334734,0.142140, 0.343146,0.091882, 0.251264,0.745593
157,0.279400, 0.502167,0.210379, 0.241780,0.158714, 0.354820,0.088036, 0.164704,0.526942
158,0.276140, 0.504909,0.190353, 0.361927,0.092723, 0.297802,0.080883, 0.195262,0.719801
159,0.444444, 0.444444,0.222222, 0.222222,0.222222, 0.222222,0.111111, 0.111111,0.000001
160,0.304645, 0.347511,0.326078, 0.399695,0.141772, 0.184306,0.111188, 0.184805,0.232635
161,0.220546, 0.396387,0.347698, 0.366127,0.138983, 0.260019,0.068244, 0.201996,0.449058
162,0.338159, 0.413071,0.341344, 0.350293,0.137842, 0.178180,0.097997, 0.143113,0.169314
163,0.313059, 0.347116,0.189387, 0.387264,0.093262, 0.320350,0.102999, 0.246563,0.602586
164,0.215177, 0.460833,0.146623, 0.394150,0.136463, 0.338005,0.071517, 0.237234,0.860442
165,0.354636, 0.384500,0.259484, 0.369568,0.168472, 0.278556,0.078841, 0.105943,0.277134
166,0.277332, 0.530378,0.130755, 0.347085,0.136519, 0.244829,0.098107, 0.234995,0.714573
167,0.298794, 0.359081,0.235117, 0.397890,0.129766, 0.276036,0.114921, 0.188395,0.442803
168,0.252234, 0.536030,0.213968, 0.237244,0.147044, 0.330796,0.012759, 0.269927,0.747992
169,0.352550, 0.387589,0.320344, 0.370069,0.167583, 0.202486,0.074827, 0.124552,0.169393
170,0.278753, 0.299974,0.278753, 0.299974,0.203170, 0.289363,0.131910, 0.218103,0.214828
171,0.346127, 0.490191,0.209079, 0.332337,0.140269, 0.240999,0.083336, 0.157663,0.442379
172,0.320374, 0.585789,0.107576, 0.345506,0.093834, 0.226540,0.093839, 0.226541,0.768752
173,0.223729, 0.471452,0.317810, 0.359265,0.102760, 0.290237,0.020742, 0.214006,0.669920
174,0.346719, 0.419130,0.177867, 0.382925,0.161991, 0.220933,0.042689, 0.247746,0.541469
175,0.355342, 0.387287,0.172747, 0.386663,0.149195, 0.283192,0.071715, 0.193861,0.502004
176,0.273737, 0.288220,0.179165, 0.306512,0.233344, 0.404892,0.109430, 0.204699,0.408647
177,0.232920, 0.445444,0.274797, 0.365761,0.109816, 0.291503,0.082396, 0.197363,0.600142
178,0.226812, 0.509591,0.201115, 0.400954,0.066276, 0.334173,0.061976, 0.199102,0.887640
179,0.356004, 0.381561,0.227902, 0.409547,0.129475, 0.289365,0.071813, 0.134333,0.429613
180,0.325063, 0.351558,0.237537, 0.338311,0.154223, 0.254997,0.156750, 0.181561,0.252852
181,0.291746, 0.352608,0.195388, 0.375846,0.106589, 0.361826,0.066939, 0.249058,0.678677
182,0.276140, 0.504908,0.184870, 0.367419,0.104568, 0.285956,0.073936, 0.202204,0.720973
183,0.248640, 0.436819,0.259410, 0.287635,0.180454, 0.297383,0.085344, 0.204315,0.452303
184,0.338387, 0.448793,0.329687, 0.347087,0.123061, 0.187724,0.071228, 0.154033,0.275274
185,0.400000, 0.400000,0.200000, 0.200000,0.200000, 0.200000,0.200000, 0.200000,0.000001
186,0.297158, 0.460079,0.202033, 0.400725,0.113114, 0.278228,0.031348, 0.217316,0.712695
187,0.236834, 0.376058,0.241386, 0.425209,0.168570, 0.301237,0.091804, 0.158902,0.522812
188,0.336471, 0.362908,0.246945, 0.397957,0.128880, 0.302524,0.076707, 0.147607,0.421992
189,0.280849, 0.398566,0.264515, 0.297182,0.180161, 0.297879,0.124788, 0.156060,0.299373
190,0.261354, 0.413352,0.263114, 0.283797,0.186411, 0.339817,0.106517, 0.145639,0.365208
191,0.215177, 0.460833,0.136463, 0.338005,0.146623, 0.394150,0.071517, 0.237234,0.860442
192,0.393085, 0.454089,0.205555, 0.248534,0.205555, 0.248534,0.091822, 0.152826,0.207966
193,0.226454, 0.319345,0.268797, 0.379932,0.294768, 0.302495,0.084626, 0.123583,0.250710
194,0.420271, 0.431298,0.185114, 0.277354,0.158185, 0.230917,0.120652, 0.176210,0.231556
195,0.295115, 0.340895,0.279028, 0.311203,0.279028, 0.311203,0.068874, 0.114654,0.155908
196,0.273737, 0.288220,0.233344, 0.404892,0.179165, 0.306512,0.109430, 0.204699,0.408647
197,0.252234, 0.536030,0.147044, 0.330796,0.213968, 0.237244,0.012759, 0.269927,0.747992
198,0.365793, 0.405586,0.155213, 0.328071,0.125688, 0.282757,0.122205, 0.214688,0.462203
199,0.262081, 0.298653,0.262081, 0.298653,0.280367, 0.343664,0.095601, 0.158899,0.199737
200,0.285714, 0.285714,0.285714, 0.285714,0.285714, 0.285714,0.142857, 0.142857,0.000001
201,0.285416, 0.450039,0.209399, 0.354357,0.130374, 0.269575,0.100737, 0.200103,0.548148
202,0.376127, 0.493422,0.232232, 0.340417,0.162969, 0.201037,0.095441, 0.098356,0.266463
203,0.403946, 0.459029,0.215744, 0.306182,0.189276, 0.242211,0.046587, 0.137025,0.288895
204,0.281383, 0.476221,0.155302, 0.330372,0.160748, 0.232943,0.137532, 0.225498,0.530068
205,0.261354, 0.413352,0.263114, 0.283797,0.186411, 0.339817,0.106517, 0.145639,0.365208
206,0.342045, 0.487176,0.191281, 0.295896,0.191281, 0.295896,0.025647, 0.170779,0.499494
207,0.281383, 0.476221,0.160748, 0.232943,0.155302, 0.330372,0.137532, 0.225498,0.530068
208,0.325063, 0.351558,0.237537, 0.338311,0.154223, 0.254997,0.156750, 0.181561,0.252852
209,0.262081, 0.298653,0.262081, 0.298653,0.280367, 0.343664,0.095601, 0.158899,0.199737
210,0.215177, 0.460833,0.136463, 0.338005,0.146623, 0.394150,0.071517, 0.237234,0.860442
211,0.247097, 0.418194,0.270968, 0.324129,0.183871, 0.330452,0.074452, 0.150839,0.447226
212,0.279400, 0.502167,0.210379, 0.241780,0.158714, 0.354820,0.088036, 0.164704,0.526942
213,0.251707, 0.514684,0.123936, 0.425747,0.136881, 0.327700,0.104015, 0.115330,0.766922
214,0.264598, 0.376869,0.342830, 0.410907,0.155336, 0.221533,0.057828, 0.170099,0.358815
215,0.285714, 0.285714,0.285714, 0.285714,0.285714, 0.285714,0.142857, 0.142857,0.000001
216,0.244331, 0.349320,0.301360, 0.453357,0.153899, 0.296826,0.098942, 0.101965,0.402936
217,0.266787, 0.448553,0.173054, 0.373142,0.189369, 0.344204,0.060385, 0.144507,0.620811
218,0.285416, 0.450039,0.209399, 0.354357,0.130374, 0.269575,0.100737, 0.200103,0.548148
219,0.239059, 0.401372,0.286458, 0.415968,0.169539, 0.285190,0.085343, 0.117071,0.439202
220,0.295115, 0.340895,0.279028, 0.311203,0.279028, 0.311203,0.068874, 0.114654,0.155908
221,0.288854, 0.321144,0.288854, 0.321144,0.248719, 0.304999,0.085003, 0.141282,0.177139
222,0.345323, 0.356506,0.345323, 0.356506,0.171880, 0.206237,0.095512, 0.122714,0.083926
223,0.361654, 0.414370,0.194006, 0.339577,0.171260, 0.216751,0.078405, 0.223976,0.389349
224,0.240699, 0.421329,0.207967, 0.273431,0.207967, 0.273431,0.097273, 0.277904,0.492189
225,0.333892, 0.502293,0.219246, 0.225943,0.167164, 0.332217,0.088914, 0.130332,0.381568
226,0.361654, 0.414370,0.171260, 0.216751,0.194006, 0.339577,0.078405, 0.223976,0.389349
227,0.262081, 0.298653,0.280367, 0.343664,0.262081, 0.298653,0.095601, 0.158899,0.199737
228,0.278753, 0.299974,0.278753, 0.299974,0.203170, 0.289363,0.131910, 0.218103,0.214828
229,0.235104, 0.397897,0.298781, 0.359101,0.129759, 0.276035,0.114912, 0.188411,0.442887
230,0.297158, 0.460079,0.202033, 0.400725,0.113114, 0.278228,0.031348, 0.217316,0.712695
231,0.346127, 0.490191,0.209079, 0.332337,0.140269, 0.240999,0.083336, 0.157663,0.442379
232,0.325063, 0.351558,0.237537, 0.338311,0.154223, 0.254997,0.156750, 0.181561,0.252852
233,0.321631, 0.338363,0.321631, 0.338363,0.164999, 0.234165,0.105841, 0.175007,0.171796
234,0.280368, 0.343664,0.262088, 0.298647,0.262088, 0.298647,0.095601, 0.158897,0.199711
235,0.265407, 0.485284,0.155478, 0.375345,0.170331, 0.360483,0.006668, 0.181005,0.804235
236,0.278753, 0.299974,0.278753, 0.299974,0.203170, 0.289363,0.131910, 0.218103,0.214828
237,0.277254, 0.312022,0.294638, 0.418149,0.189001, 0.312511,0.081807, 0.114618,0.314601
238,0.351823, 0.361055,0.259401, 0.392061,0.132687, 0.254460,0.101002, 0.147511,0.310173
239,0.318968, 0.452664,0.277457, 0.360480,0.118765, 0.200204,0.068884, 0.202579,0.431852
240,0.281755, 0.429627,0.186565, 0.376679,0.174215, 0.336345,0.106338, 0.108476,0.502253
241,0.333333, 0.333333,0.333333, 0.333333,0.166667, 0.166667,0.166667, 0.166667,0.000001
242,0.164341, 0.504115,0.142265, 0.429809,0.131574, 0.334228,0.032130, 0.261539,1.059380
243,0.191394, 0.462059,0.191398, 0.462055,0.150374, 0.311692,0.067665, 0.163363,0.798338
244,0.278152, 0.497878,0.182522, 0.315356,0.182522, 0.315356,0.004245, 0.223970,0.705119
245,0.322607, 0.346130,0.164079, 0.343134,0.155313, 0.334368,0.161304, 0.173065,0.393395
246,0.285416, 0.450039,0.209399, 0.354357,0.130374, 0.269575,0.100737, 0.200103,0.548148
247,0.325063, 0.351558,0.237537, 0.338311,0.154223, 0.254997,0.156750, 0.181561,0.252852
248,0.252234, 0.536030,0.147044, 0.330796,0.213968, 0.237244,0.012759, 0.269927,0.747992
249,0.325063, 0.351558,0.237537, 0.338311,0.154223, 0.254997,0.156750, 0.181561,0.252852
250,0.191394, 0.462059,0.191398, 0.462055,0.150374, 0.311692,0.067665, 0.163363,0.798338
251,0.277332, 0.530378,0.130755, 0.347085,0.136519, 0.244829,0.098107, 0.234995,0.714573
252,0.326079, 0.399695,0.304651, 0.347507,0.141779, 0.184299,0.111187, 0.184803,0.232607
253,0.252993, 0.280515,0.237959, 0.430546,0.191789, 0.373194,0.087428, 0.145577,0.459663
254,0.233345, 0.404899,0.179155, 0.306521,0.273733, 0.288227,0.109425, 0.204696,0.408685
255,0.278765, 0.501169,0.172496, 0.345077,0.171238, 0.355773,0.000001, 0.175480,0.754998
256,0.304188, 0.427521,0.215324, 0.340220,0.195745, 0.269372,0.107362, 0.140268,0.354764
257,0.302748, 0.478819,0.215935, 0.393638,0.152393, 0.164373,0.123388, 0.168706,0.411072
258,0.342830, 0.410902,0.264608, 0.376866,0.155336, 0.221530,0.057835, 0.170093,0.358782
259,0.274809, 0.365753,0.232923, 0.445431,0.109821, 0.291503,0.082408, 0.197351,0.600077
260,0.278753, 0.299974,0.278753, 0.299974,0.203170, 0.289363,0.131910, 0.218103,0.214828
261,0.219194, 0.435408,0.248523, 0.384787,0.168973, 0.335152,0.031538, 0.176425,0.663542
262,0.280849, 0.398566,0.264515, 0.297182,0.180161, 0.297879,0.124788, 0.156060,0.299373
263,0.247097, 0.418194,0.270968, 0.324129,0.183871, 0.330452,0.074452, 0.150839,0.447226
264,0.261354, 0.413352,0.263114, 0.283797,0.186411, 0.339817,0.106517, 0.145639,0.365208
265,0.347016, 0.477516,0.188315, 0.347590,0.211993, 0.225001,0.073390, 0.129179,0.358572
266,0.280849, 0.398566,0.264515, 0.297182,0.180161, 0.297879,0.124788, 0.156060,0.299373
267,0.325063, 0.351558,0.237537, 0.338311,0.156750, 0.181561,0.154223, 0.254997,0.252852
268,0.379491, 0.538555,0.140358, 0.239133,0.140358, 0.239133,0.081954, 0.241017,0.515678
269,0.342830, 0.410902,0.264608, 0.376866,0.155336, 0.221530,0.057835, 0.170093,0.358782
270,0.258324, 0.567326,0.218668, 0.218668,0.129994, 0.342334,0.000001, 0.264684,0.786026
271,0.239975, 0.310212,0.275093, 0.390411,0.239975, 0.310212,0.059402, 0.174720,0.371108
272,0.273101, 0.410842,0.358657, 0.369612,0.136729, 0.271731,0.072726, 0.106603,0.317575
273,0.189215, 0.476700,0.156329, 0.428775,0.131074, 0.332957,0.052934, 0.232016,0.940897
274,0.435560, 0.487055,0.197889, 0.237671,0.197889, 0.237671,0.077385, 0.128880,0.182552
275,0.276140, 0.504908,0.184870, 0.367419,0.104568, 0.285956,0.073936, 0.202204,0.720973
276,0.356004, 0.381561,0.227902, 0.409547,0.129475, 0.289365,0.071813, 0.134333,0.429613
277,0.239975, 0.310212,0.275093, 0.390411,0.239975, 0.310212,0.059402, 0.174720,0.371108
278,0.273737, 0.288220,0.179165, 0.306512,0.233344, 0.404892,0.109430, 0.204699,0.408647
279,0.305917, 0.344016,0.305917, 0.344016,0.162483, 0.284402,0.065666, 0.187584,0.320036
280,0.311014, 0.437115,0.225067, 0.357677,0.195225, 0.295063,0.072597, 0.106242,0.392194
281,0.356753, 0.423040,0.161657, 0.389896,0.158116, 0.260310,0.025259, 0.224969,0.596429
282,0.242639, 0.443653,0.150543, 0.334734,0.142140, 0.343146,0.091882, 0.251264,0.745593
283,0.325063, 0.351558,0.237537, 0.338311,0.154223, 0.254997,0.156750, 0.181561,0.252852
284,0.237528, 0.338313,0.325061, 0.351566,0.154216, 0.255001,0.156749, 0.181565,0.252891
285,0.279400, 0.502167,0.158714, 0.354820,0.210379, 0.241780,0.088036, 0.164704,0.526942
286,0.326079, 0.399695,0.304651, 0.347507,0.141779, 0.184299,0.111187, 0.184803,0.232607
287,0.259861, 0.511522,0.137772, 0.415491,0.209386, 0.232163,0.068886, 0.164917,0.648189
288,0.282605, 0.478266,0.186438, 0.353352,0.191785, 0.304532,0.025417, 0.177605,0.627510
289,0.280368, 0.343664,0.262088, 0.298647,0.262088, 0.298647,0.095601, 0.158897,0.199711
290,0.368856, 0.525364,0.214576, 0.310788,0.080613, 0.237122,0.083890, 0.178791,0.504129
291,0.321631, 0.338363,0.321631, 0.338363,0.164999, 0.234165,0.105841, 0.175007,0.171796
292,0.285888, 0.407193,0.187646, 0.219547,0.185614, 0.306919,0.187646, 0.219547,0.306411
293,0.249200, 0.494320,0.150945, 0.331773,0.183271, 0.283765,0.038644, 0.268083,0.755882
294,0.326729, 0.463677,0.209593, 0.346542,0.144363, 0.182366,0.144363, 0.182366,0.349902
295,0.262952, 0.462039,0.247105, 0.286737,0.178632, 0.291494,0.067835, 0.203205,0.486951
296,0.249200, 0.494320,0.150945, 0.331773,0.183271, 0.283765,0.038644, 0.268083,0.755882
297,0.340243, 0.421781,0.190506, 0.387463,0.156438, 0.224574,0.041019, 0.237976,0.543587
298,0.298794, 0.359081,0.235117, 0.397890,0.129766, 0.276036,0.114921, 0.188395,0.442803
299,0.318290, 0.453342,0.206651, 0.341703,0.208347, 0.244995,0.095577, 0.131094,0.342269
300,0.313059, 0.347116,0.189387, 0.387264,0.093262, 0.320350,0.102999, 0.246563,0.602586
301,0.248718, 0.304999,0.288860, 0.321138,0.288860, 0.321138,0.085003, 0.141284,0.177116
302,0.347711, 0.366108,0.220564, 0.396361,0.139002, 0.260016,0.068275, 0.201962,0.448896
303,0.407392, 0.451711,0.195243, 0.343001,0.141697, 0.233509,0.067018, 0.160429,0.377300
304,0.304645, 0.347511,0.326078, 0.399695,0.141772, 0.184306,0.111188, 0.184805,0.232635
305,0.304645, 0.347511,0.326078, 0.399695,0.141772, 0.184306,0.111188, 0.184805,0.232635
306,0.237528, 0.338313,0.325061, 0.351566,0.154216, 0.255001,0.156749, 0.181565,0.252891
307,0.280849, 0.398566,0.264515, 0.297182,0.180161, 0.297879,0.124788, 0.156060,0.299373
308,0.272197, 0.451512,0.199581, 0.344812,0.177359, 0.332723,0.050535, 0.171281,0.600656
309,0.261354, 0.413352,0.263114, 0.283797,0.186411, 0.339817,0.106517, 0.145639,0.365208
310,0.235104, 0.397897,0.298781, 0.359101,0.129759, 0.276035,0.114912, 0.188411,0.442887
311,0.286925, 0.429884,0.245183, 0.357901,0.187014, 0.273111,0.108568, 0.111414,0.344621
312,0.241374, 0.425199,0.236849, 0.376060,0.168573, 0.301238,0.091771, 0.158936,0.522866
313,0.280368, 0.343664,0.262088, 0.298647,0.262088, 0.298647,0.095601, 0.158897,0.199711
314,0.215177, 0.460833,0.146623, 0.394150,0.136463, 0.338005,0.071517, 0.237234,0.860442
315,0.420271, 0.431298,0.185114, 0.277354,0.158185, 0.230917,0.120652, 0.176210,0.231556
316,0.313059, 0.347116,0.189387, 0.387264,0.093262, 0.320350,0.102999, 0.246563,0.602586
317,0.318968, 0.452664,0.277457, 0.360480,0.118765, 0.200204,0.068884, 0.202579,0.431852
318,0.232920, 0.445444,0.274797, 0.365761,0.109816, 0.291503,0.082396, 0.197363,0.600142
319,0.340243, 0.421781,0.190506, 0.387463,0.156438, 0.224574,0.041019, 0.237976,0.543587
320,0.347711, 0.366108,0.139002, 0.260016,0.220564, 0.396361,0.068275, 0.201962,0.448896
321,0.304645, 0.347511,0.326078, 0.399695,0.141772, 0.184306,0.111188, 0.184805,0.232635
322,0.206655, 0.341693,0.318302, 0.453340,0.208343, 0.244996,0.095571, 0.131099,0.342255
323,0.425778, 0.451288,0.219266, 0.311182,0.140652, 0.232567,0.098516, 0.120750,0.231575
324,0.275095, 0.390401,0.239977, 0.310214,0.239977, 0.310214,0.059409, 0.174715,0.371086
325,0.318290, 0.453342,0.206651, 0.341703,0.208347, 0.244995,0.095577, 0.131094,0.342269
326,0.318290, 0.453342,0.206651, 0.341703,0.208347, 0.244995,0.095577, 0.131094,0.342269
327,0.274809, 0.365753,0.232923, 0.445431,0.109821, 0.291503,0.082408, 0.197351,0.600077
328,0.285714, 0.285714,0.285714, 0.285714,0.285714, 0.285714,0.142857, 0.142857,0.000001
329,0.245181, 0.357900,0.286928, 0.429885,0.187016, 0.273107,0.108568, 0.111414,0.344613
330,0.224571, 0.463070,0.186081, 0.454926,0.134619, 0.320306,0.056176, 0.160252,0.797107
331,0.318968, 0.452664,0.277457, 0.360480,0.118765, 0.200204,0.068884, 0.202579,0.431852
332,0.304188, 0.427521,0.215324, 0.340220,0.195745, 0.269372,0.107362, 0.140268,0.354764
333,0.389599, 0.477555,0.169197, 0.220401,0.169197, 0.220401,0.132847, 0.220803,0.278321
334,0.189215, 0.476700,0.131074, 0.332957,0.156329, 0.428775,0.052934, 0.232016,0.940897
335,0.206655, 0.341693,0.318302, 0.453340,0.208343, 0.244996,0.095571, 0.131099,0.342255
336,0.277254, 0.312022,0.294638, 0.418149,0.189001, 0.312511,0.081807, 0.114618,0.314601
337,0.352550, 0.387589,0.320344, 0.370069,0.167583, 0.202486,0.074827, 0.124552,0.169393
338,0.249200, 0.494320,0.150945, 0.331773,0.183271, 0.283765,0.038644, 0.268083,0.755882
339,0.403946, 0.459029,0.215744, 0.306182,0.189276, 0.242211,0.046587, 0.137025,0.288895
340,0.267697, 0.348214,0.302111, 0.433550,0.196475, 0.287997,0.080745, 0.083212,0.305945
341,0.226454, 0.319345,0.268797, 0.379932,0.294768, 0.302495,0.084626, 0.123583,0.250710
342,0.268795, 0.379930,0.226456, 0.319346,0.294768, 0.302495,0.084625, 0.123585,0.250712
343,0.247097, 0.418194,0.270968, 0.324129,0.183871, 0.330452,0.074452, 0.150839,0.447226
344,0.191394, 0.462059,0.191398, 0.462055,0.150374, 0.311692,0.067665, 0.163363,0.798338
345,0.351823, 0.361055,0.259401, 0.392061,0.132687, 0.254460,0.101002, 0.147511,0.310173
346,0.278753, 0.299974,0.278753, 0.299974,0.203170, 0.289363,0.131910, 0.218103,0.214828
347,0.246925, 0.397964,0.336463, 0.362915,0.128885, 0.302540,0.076709, 0.147600,0.422036
348,0.220546, 0.396387,0.347698, 0.366127,0.138983, 0.260019,0.068244, 0.201996,0.449058
349,0.270870, 0.547995,0.170605, 0.371136,0.071536, 0.310130,0.066896, 0.190833,0.840187
350,0.352550, 0.387589,0.320344, 0.370069,0.167583, 0.202486,0.074827, 0.124552,0.169393
351,0.284816, 0.396493,0.285346, 0.300406,0.231332, 0.306642,0.072416, 0.122549,0.252179
352,0.444444, 0.444444,0.222222, 0.222222,0.222222, 0.222222,0.111111, 0.111111,0.000001
353,0.440618, 0.457076,0.217312, 0.231535,0.157574, 0.224423,0.102306, 0.169156,0.164381
354,0.400000, 0.400000,0.200000, 0.200000,0.200000, 0.200000,0.200000, 0.200000,0.000001
355,0.280849, 0.398566,0.264515, 0.297182,0.180161, 0.297879,0.124788, 0.156060,0.299373
356,0.326079, 0.399695,0.304651, 0.347507,0.141779, 0.184299,0.111187, 0.184803,0.232607
357,0.342045, 0.487176,0.191281, 0.295896,0.191281, 0.295896,0.025647, 0.170779,0.499494
358,0.264859, 0.506525,0.203594, 0.432649,0.144467, 0.219731,0.021054, 0.207120,0.732052
359,0.288909, 0.328813,0.288909, 0.328813,0.172536, 0.308861,0.073417, 0.209741,0.352457
360,0.326034, 0.464373,0.190244, 0.274128,0.190244, 0.274128,0.071255, 0.209593,0.444444
361,0.255662, 0.511325,0.158431, 0.387953,0.071913, 0.365164,0.057806, 0.191747,0.912375
362,0.279400, 0.502167,0.210379, 0.241780,0.158714, 0.354820,0.088036, 0.164704,0.526942
363,0.209388, 0.354358,0.285422, 0.450043,0.130382, 0.269560,0.100731, 0.200115,0.548153
364,0.285220, 0.368092,0.304796, 0.309423,0.251181, 0.323944,0.068007, 0.089339,0.181595
365,0.215177, 0.460833,0.136463, 0.338005,0.146623, 0.394150,0.071517, 0.237234,0.860442
366,0.265580, 0.512159,0.200759, 0.398198,0.117469, 0.258753,0.037471, 0.209612,0.757443
367,0.298794, 0.359081,0.235117, 0.397890,0.129766, 0.276036,0.114921, 0.188395,0.442803
368,0.280849, 0.398566,0.264515, 0.297182,0.180161, 0.297879,0.124788, 0.156060,0.299373
369,0.352550, 0.387589,0.320344, 0.370069,0.167583, 0.202486,0.074827, 0.124552,0.169393
370,0.264598, 0.376869,0.342830, 0.410907,0.155336, 0.221533,0.057828, 0.170099,0.358815
371,0.242639, 0.443653,0.150543, 0.334734,0.142140, 0.343146,0.091882, 0.251264,0.745593
372,0.345323, 0.356506,0.345323, 0.356506,0.171880, 0.206237,0.095512, 0.122714,0.083926
373,0.304188, 0.427521,0.215324, 0.340220,0.195745, 0.269372,0.107362, 0.140268,0.354764
374,0.336471, 0.362908,0.246945, 0.397957,0.128880, 0.302524,0.076707, 0.147607,0.421992
375,0.304645, 0.347511,0.326078, 0.399695,0.141772, 0.184306,0.111188, 0.184805,0.232635
376,0.231689, 0.484749,0.253309, 0.371629,0.094324, 0.302357,0.055305, 0.206637,0.730745
377,0.247097, 0.418194,0.270968, 0.324129,0.183871, 0.330452,0.074452, 0.150839,0.447226
378,0.326079, 0.399695,0.304651, 0.347507,0.141779, 0.184299,0.111187, 0.184803,0.232607
379,0.247097, 0.418194,0.270968, 0.324129,0.183871, 0.330452,0.074452, 0.150839,0.447226
380,0.404145, 0.404145,0.140048, 0.335945,0.119862, 0.323924,0.069859, 0.202072,0.532172
381,0.333333, 0.333333,0.333333, 0.333333,0.166667, 0.166667,0.166667, 0.166667,0.000001
382,0.368856, 0.525364,0.214576, 0.310788,0.080613, 0.237122,0.083890, 0.178791,0.504129
383,0.363636, 0.363636,0.363636, 0.363636,0.181818, 0.181818,0.090909, 0.090909,0.000001
384,0.236834, 0.376058,0.241386, 0.425209,0.168570, 0.301237,0.091804, 0.158902,0.522812
385,0.262341, 0.400025,0.297033, 0.303004,0.162211, 0.313170,0.086855, 0.175362,0.383120
386,0.242639, 0.443653,0.142140, 0.343146,0.150543, 0.334734,0.091882, 0.251264,0.745593
387,0.262341, 0.400025,0.162211, 0.313170,0.297033, 0.303004,0.086855, 0.175362,0.383120
388,0.351823, 0.361055,0.259401, 0.392061,0.132687, 0.254460,0.101002, 0.147511,0.310173
389,0.206655, 0.341693,0.318302, 0.453340,0.208343, 0.244996,0.095571, 0.131099,0.342255
390,0.416062, 0.461324,0.154620, 0.309955,0.122614, 0.260576,0.055503, 0.219346,0.502402
391,0.352550, 0.387589,0.320344, 0.370069,0.167583, 0.202486,0.074827, 0.124552,0.169393
392,0.314290, 0.490393,0.197953, 0.343178,0.184687, 0.257999,0.072417, 0.139082,0.461304
393,0.314290, 0.490393,0.197953, 0.343178,0.184687, 0.257999,0.072417, 0.139082,0.461304
394,0.241374, 0.425199,0.236849, 0.376060,0.168573, 0.301238,0.091771, 0.158936,0.522866
395,0.327969, 0.459794,0.241911, 0.389576,0.172894, 0.194942,0.080411, 0.132503,0.353632
396,0.232920, 0.445444,0.274797, 0.365761,0.109816, 0.291503,0.082396, 0.197363,0.600142
397,0.250700, 0.520157,0.125855, 0.345549,0.167923, 0.333476,0.008440, 0.247901,0.894165
398,0.285888, 0.407193,0.185614, 0.306919,0.187646, 0.219547,0.187646, 0.219547,0.306411
399,0.273737, 0.288220,0.233344, 0.404892,0.179165, 0.306512,0.109430, 0.204699,0.408647
400,0.268795, 0.379930,0.226456, 0.319346,0.294768, 0.302495,0.084625, 0.123585,0.250712
401,0.276140, 0.504909,0.190353, 0.361927,0.092723, 0.297802,0.080883, 0.195262,0.719801
402,0.345323, 0.356506,0.345323, 0.356506,0.171880, 0.206237,0.095512, 0.122714,0.083926
403,0.226454, 0.319345,0.268797, 0.379932,0.294768, 0.302495,0.084626, 0.123583,0.250710
404,0.262081, 0.298653,0.262081, 0.298653,0.280367, 0.343664,0.095601, 0.158899,0.199737
405,0.347016, 0.477516,0.188315, 0.347590,0.211993, 0.225001,0.073390, 0.129179,0.358572
406,0.277453, 0.360479,0.318966, 0.452675,0.118764, 0.200202,0.068876, 0.202585,0.431882
407,0.261354, 0.413352,0.263114, 0.283797,0.186411, 0.339817,0.106517, 0.145639,0.365208
408,0.352550, 0.387589,0.320344, 0.370069,0.167583, 0.202486,0.074827, 0.124552,0.169393
409,0.273737, 0.288220,0.233344, 0.404892,0.179165, 0.306512,0.109430, 0.204699,0.408647
410,0.261354, 0.413352,0.263114, 0.283797,0.186411, 0.339817,0.106517, 0.145639,0.365208
411,0.403946, 0.459029,0.215744, 0.306182,0.189276, 0.242211,0.046587, 0.137025,0.288895
412,0.321631, 0.338363,0.321631, 0.338363,0.164999, 0.234165,0.105841, 0.175007,0.171796
413,0.325063, 0.351558,0.237537, 0.338311,0.154223, 0.254997,0.156750, 0.181561,0.252852
414,0.288854, 0.321144,0.288854, 0.321144,0.248719, 0.304999,0.085003, 0.141282,0.177139
415,0.278753, 0.299974,0.278753, 0.299974,0.203170, 0.289363,0.131910, 0.218103,0.214828
416,0.249555, 0.537190,0.213109, 0.324081,0.059918, 0.347552,0.083535, 0.185060,0.787767
417,0.342830, 0.410902,0.264608, 0.376866,0.155336, 0.221530,0.057835, 0.170093,0.358782
418,0.320367, 0.370064,0.352547, 0.387580,0.167579, 0.202485,0.074841, 0.124538,0.169332
419,0.358659, 0.369610,0.273101, 0.410848,0.136722, 0.271731,0.072724, 0.106605,0.317589
420,0.237954, 0.430545,0.191792, 0.373192,0.252992, 0.280518,0.087428, 0.145579,0.459669
421,0.241374, 0.425199,0.236849, 0.376060,0.168573, 0.301238,0.091771, 0.158936,0.522866
422,0.249200, 0.494320,0.183271, 0.283765,0.150945, 0.331773,0.038644, 0.268083,0.755882
423,0.338159, 0.413071,0.341344, 0.350293,0.137842, 0.178180,0.097997, 0.143113,0.169314
424,0.285888, 0.407193,0.185614, 0.306919,0.187646, 0.219547,0.187646, 0.219547,0.306411
425,0.277020, 0.388367,0.301382, 0.320005,0.204331, 0.329057,0.067919, 0.111919,0.298696
426,0.325063, 0.351558,0.237537, 0.338311,0.154223, 0.254997,0.156750, 0.181561,0.252852
427,0.262081, 0.298653,0.262081, 0.298653,0.280367, 0.343664,0.095601, 0.158899,0.199737
428,0.355342, 0.387287,0.172747, 0.386663,0.149195, 0.283192,0.071715, 0.193861,0.502004
429,0.285714, 0.285714,0.285714, 0.285714,0.285714, 0.285714,0.142857, 0.142857,0.000001
430,0.274590, 0.574507,0.111790, 0.358343,0.115049, 0.255278,0.065545, 0.244899,0.866052
431,0.250700, 0.520157,0.167923, 0.333476,0.125855, 0.345549,0.008440, 0.247901,0.894165
432,0.285714, 0.285714,0.285714, 0.285714,0.285714, 0.285714,0.142857, 0.142857,0.000001
433,0.383986, 0.433384,0.204342, 0.351718,0.151667, 0.227542,0.064730, 0.182630,0.390549
434,0.304645, 0.347511,0.326078, 0.399695,0.141772, 0.184306,0.111188, 0.184805,0.232635
435,0.415731, 0.415731,0.160720, 0.313794,0.117574, 0.277154,0.091432, 0.207865,0.429087
436,0.270544, 0.270544,0.183368, 0.410792,0.140295, 0.405816,0.048096, 0.270544,0.715392
437,0.248640, 0.436819,0.259410, 0.287635,0.180454, 0.297383,0.085344, 0.204315,0.452303
438,0.384203, 0.406208,0.197603, 0.280437,0.126756, 0.209589,0.187584, 0.207621,0.207711
439,0.325063, 0.351558,0.237537, 0.338311,0.154223, 0.254997,0.156750, 0.181561,0.252852
440,0.242639, 0.443653,0.150543, 0.334734,0.142140, 0.343146,0.091882, 0.251264,0.745593
441,0.325063, 0.351558,0.237537, 0.338311,0.154223, 0.254997,0.156750, 0.181561,0.252852
442,0.285416, 0.450039,0.209399, 0.354357,0.130374, 0.269575,0.100737, 0.200103,0.548148
443,0.241374, 0.425199,0.168573, 0.301238,0.236849, 0.376060,0.091771, 0.158936,0.522866
444,0.276140, 0.504908,0.184870, 0.367419,0.104568, 0.285956,0.073936, 0.202204,0.720973
445,0.242639, 0.443653,0.150543, 0.334734,0.142140, 0.343146,0.091882, 0.251264,0.745593
446,0.241374, 0.425199,0.236849, 0.376060,0.168573, 0.301238,0.091771, 0.158936,0.522866
447,0.336471, 0.362908,0.246945, 0.397957,0.128880, 0.302524,0.076707, 0.147607,0.421992
448,0.318968, 0.452664,0.277457, 0.360480,0.118765, 0.200204,0.068884, 0.202579,0.431852
449,0.285888, 0.407193,0.185614, 0.306919,0.187646, 0.219547,0.187646, 0.219547,0.306411
450,0.325063, 0.351558,0.237537, 0.338311,0.154223, 0.254997,0.156750, 0.181561,0.252852
451,0.255422, 0.490073,0.218607, 0.334811,0.101331, 0.308281,0.110700, 0.180775,0.627880
452,0.400000, 0.400000,0.200000, 0.200000,0.200000, 0.200000,0.200000, 0.200000,0.000001
453,0.286457, 0.415956,0.239067, 0.401378,0.169535, 0.285194,0.085344, 0.117069,0.439193
454,0.276140, 0.504909,0.190353, 0.361927,0.092723, 0.297802,0.080883, 0.195262,0.719801
455,0.318290, 0.453342,0.206651, 0.341703,0.208347, 0.244995,0.095577, 0.131094,0.342269
456,0.285888, 0.407193,0.185614, 0.306919,0.187646, 0.219547,0.187646, 0.219547,0.306411
457,0.270544, 0.270544,0.183368, 0.410792,0.140295, 0.405816,0.048096, 0.270544,0.715392
458,0.384203, 0.406208,0.197603, 0.280437,0.187584, 0.207621,0.126756, 0.209589,0.207711
459,0.280849, 0.398566,0.180161, 0.297879,0.264515, 0.297182,0.124788, 0.156060,0.299373
460,0.272197, 0.451512,0.199581, 0.344812,0.177359, 0.332723,0.050535, 0.171281,0.600656
461,0.224071, 0.437428,0.289788, 0.289788,0.163908, 0.386384,0.055986, 0.152645,0.532492
462,0.264510, 0.297184,0.280847, 0.398576,0.180154, 0.297883,0.124785, 0.156061,0.299409
463,0.264598, 0.376869,0.342830, 0.410907,0.155336, 0.221533,0.057828, 0.170099,0.358815
464,0.226812, 0.509591,0.201115, 0.400954,0.066276, 0.334173,0.061976, 0.199102,0.887640
465,0.286925, 0.429884,0.245183, 0.357901,0.187014, 0.273111,0.108568, 0.111414,0.344621
466,0.277332, 0.530378,0.130755, 0.347085,0.136519, 0.244829,0.098107, 0.234995,0.714573
467,0.318290, 0.453342,0.206651, 0.341703,0.208347, 0.244995,0.095577, 0.131094,0.342269
468,0.220546, 0.396387,0.347698, 0.366127,0.138983, 0.260019,0.068244, 0.201996,0.449058
469,0.326034, 0.464373,0.190244, 0.274128,0.190244, 0.274128,0.071255, 0.209593,0.444444
470,0.277453, 0.360479,0.318966, 0.452675,0.118764, 0.200202,0.068876, 0.202585,0.431882
471,0.272197, 0.451512,0.199581, 0.344812,0.177359, 0.332723,0.050535, 0.171281,0.600656
472,0.246925, 0.397964,0.336463, 0.362915,0.128885, 0.302540,0.076709, 0.147600,0.422036
473,0.352550, 0.387589,0.320344, 0.370069,0.167583, 0.202486,0.074827, 0.124552,0.169393
474,0.351823, 0.361055,0.259401, 0.392061,0.132687, 0.254460,0.101002, 0.147511,0.310173
475,0.413233, 0.445702,0.205233, 0.324591,0.144693, 0.268540,0.083646, 0.114362,0.306389
476,0.327969, 0.459794,0.241911, 0.389576,0.172894, 0.194942,0.080411, 0.132503,0.353632
477,0.321631, 0.338363,0.321631, 0.338363,0.164999, 0.234165,0.105841, 0.175007,0.171796
478,0.318968, 0.452664,0.277457, 0.360480,0.118765, 0.200204,0.068884, 0.202579,0.431852
479,0.275095, 0.390401,0.239977, 0.310214,0.239977, 0.310214,0.059409, 0.174715,0.371086
480,0.285714, 0.285714,0.285714, 0.285714,0.285714, 0.285714,0.142857, 0.142857,0.000001
481,0.333892, 0.502293,0.167164, 0.332217,0.219246, 0.225943,0.088914, 0.130332,0.381568
482,0.246267, 0.349489,0.232556, 0.259977,0.232556, 0.259977,0.157977, 0.261200,0.261287
483,0.191399, 0.462055,0.191396, 0.462058,0.150370, 0.311688,0.067669, 0.163364,0.798330
484,0.219194, 0.435408,0.248523, 0.384787,0.168973, 0.335152,0.031538, 0.176425,0.663542
485,0.393085, 0.454089,0.205555, 0.248534,0.205555, 0.248534,0.091822, 0.152826,0.207966
486,0.242639, 0.443653,0.150543, 0.334734,0.142140, 0.343146,0.091882, 0.251264,0.745593
487,0.276140, 0.504909,0.190353, 0.361927,0.092723, 0.297802,0.080883, 0.195262,0.719801
488,0.291135, 0.355703,0.137603, 0.372294,0.154412, 0.386154,0.118139, 0.184560,0.597422
489,0.276140, 0.504909,0.190353, 0.361927,0.092723, 0.297802,0.080883, 0.195262,0.719801
490,0.277453, 0.360479,0.318966, 0.452675,0.118764, 0.200202,0.068876, 0.202585,0.431882
491,0.302108, 0.433549,0.196473, 0.288000,0.267699, 0.348215,0.080745, 0.083211,0.305949
492,0.215322, 0.340219,0.304188, 0.427525,0.195747, 0.269369,0.107359, 0.140270,0.354767
493,0.318290, 0.453342,0.206651, 0.341703,0.208347, 0.244995,0.095577, 0.131094,0.342269
494,0.270961, 0.324131,0.247103, 0.418201,0.183879, 0.330436,0.074472, 0.150818,0.447172
495,0.272197, 0.451512,0.199581, 0.344812,0.177359, 0.332723,0.050535, 0.171281,0.600656
496,0.333333, 0.333333,0.333333, 0.333333,0.166667, 0.166667,0.166667, 0.166667,0.000001
497,0.342830, 0.410902,0.264608, 0.376866,0.155336, 0.221530,0.057835, 0.170093,0.358782
498,0.384203, 0.406208,0.197603, 0.280437,0.126756, 0.209589,0.187584, 0.207621,0.207711
499,0.264598, 0.376869,0.342830, 0.410907,0.155336, 0.221533,0.057828, 0.170099,0.358815
500,0.311014, 0.437115,0.225067, 0.357677,0.195225, 0.295063,0.072597, 0.106242,0.392194
501,0.190355, 0.361929,0.276142, 0.504912,0.092718, 0.297802,0.080882, 0.195260,0.719807
502,0.262081, 0.298653,0.262081, 0.298653,0.280367, 0.343664,0.095601, 0.158899,0.199737
503,0.280849, 0.398566,0.264515, 0.297182,0.180161, 0.297879,0.124788, 0.156060,0.299373
504,0.270870, 0.547995,0.170605, 0.371136,0.071536, 0.310130,0.066896, 0.190833,0.840187
505,0.326079, 0.399695,0.304651, 0.347507,0.141779, 0.184299,0.111187, 0.184803,0.232607
506,0.278753, 0.299974,0.278753, 0.299974,0.203170, 0.289363,0.131910, 0.218103,0.214828
507,0.351415, 0.356593,0.351415, 0.356593,0.143964, 0.177378,0.114991, 0.147652,0.076431
508,0.454422, 0.458757,0.137741, 0.235723,0.210344, 0.273954,0.083889, 0.145170,0.227207
509,0.354892, 0.396812,0.129685, 0.352853,0.129217, 0.331814,0.094868, 0.209859,0.582677
510,0.298794, 0.359081,0.235117, 0.397890,0.129766, 0.276036,0.114921, 0.188395,0.442803
511,0.280849, 0.398566,0.264515, 0.297182,0.180161, 0.297879,0.124788, 0.156060,0.299373
512,0.342045, 0.487176,0.191281, 0.295896,0.191281, 0.295896,0.025647, 0.170779,0.499494
513,0.318968, 0.452664,0.277457, 0.360480,0.118765, 0.200204,0.068884, 0.202579,0.431852
514,0.282605, 0.478266,0.186438, 0.353352,0.191785, 0.304532,0.025417, 0.177605,0.627510
515,0.273737, 0.288220,0.233344, 0.404892,0.179165, 0.306512,0.109430, 0.204699,0.408647
516,0.278753, 0.299974,0.203170, 0.289363,0.278753, 0.299974,0.131910, 0.218103,0.214828
517,0.294640, 0.418138,0.277261, 0.312019,0.189008, 0.312507,0.081810, 0.114617,0.314562
518,0.252234, 0.536030,0.147044, 0.330796,0.213968, 0.237244,0.012759, 0.269927,0.747992
519,0.321631, 0.338363,0.321631, 0.338363,0.164999, 0.234165,0.105841, 0.175007,0.171796
520,0.278753, 0.299974,0.278753, 0.299974,0.203170, 0.289363,0.131910, 0.218103,0.214828
521,0.262341, 0.400025,0.162211, 0.313170,0.297033, 0.303004,0.086855, 0.175362,0.383120
522,0.264598, 0.376869,0.342830, 0.410907,0.155336, 0.221533,0.057828, 0.170099,0.358815
523,0.333333, 0.333333,0.333333, 0.333333,0.166667, 0.166667,0.166667, 0.166667,0.000001
524,0.224240, 0.455726,0.194018, 0.424736,0.195445, 0.263904,0.113946, 0.127986,0.544703
525,0.318290, 0.453342,0.208347, 0.244995,0.206651, 0.341703,0.095577, 0.131094,0.342269
526,0.281383, 0.476221,0.155302, 0.330372,0.160748, 0.232943,0.137532, 0.225498,0.530068
527,0.278753, 0.299974,0.278753, 0.299974,0.203170, 0.289363,0.131910, 0.218103,0.214828
528,0.333333, 0.333333,0.333333, 0.333333,0.166667, 0.166667,0.166667, 0.166667,0.000001
529,0.301360, 0.453354,0.244334, 0.349320,0.153899, 0.296827,0.098942, 0.101964,0.402931
530,0.191399, 0.462055,0.191396, 0.462058,0.150370, 0.311688,0.067669, 0.163364,0.798330
531,0.321631, 0.338363,0.321631, 0.338363,0.164999, 0.234165,0.105841, 0.175007,0.171796
532,0.247097, 0.418194,0.270968, 0.324129,0.183871, 0.330452,0.074452, 0.150839,0.447226
533,0.250421, 0.478645,0.151273, 0.410809,0.125659, 0.343871,0.119661, 0.119661,0.705972
534,0.326691, 0.552875,0.221704, 0.352039,0.101712, 0.210286,0.022035, 0.212658,0.655715
535,0.321631, 0.338363,0.321631, 0.338363,0.164999, 0.234165,0.105841, 0.175007,0.171796
536,0.339643, 0.354767,0.222696, 0.436631,0.117463, 0.278836,0.042561, 0.207402,0.555273
537,0.261354, 0.413352,0.263114, 0.283797,0.186411, 0.339817,0.106517, 0.145639,0.365208
538,0.215177, 0.460833,0.146623, 0.394150,0.136463, 0.338005,0.071517, 0.237234,0.860442
539,0.301360, 0.453354,0.153899, 0.296827,0.244334, 0.349320,0.098942, 0.101964,0.402931
540,0.298794, 0.359081,0.235117, 0.397890,0.129766, 0.276036,0.114921, 0.188395,0.442803
541,0.273737, 0.288220,0.179165, 0.306512,0.233344, 0.404892,0.109430, 0.204699,0.408647
542,0.340243, 0.421781,0.190506, 0.387463,0.156438, 0.224574,0.041019, 0.237976,0.543587
543,0.215177, 0.460833,0.146623, 0.394150,0.136463, 0.338005,0.071517, 0.237234,0.860442
544,0.333892, 0.502293,0.167164, 0.332217,0.219246, 0.225943,0.088914, 0.130332,0.381568
545,0.279911, 0.513499,0.196713, 0.393426,0.091191, 0.292610,0.026060, 0.206590,0.812251
546,0.277254, 0.312022,0.294638, 0.418149,0.189001, 0.312511,0.081807, 0.114618,0.314601
547,0.306016, 0.559536,0.209140, 0.402904,0.072655, 0.233361,0.007688, 0.208700,0.809003
548,0.352550, 0.387589,0.320344, 0.370069,0.167583, 0.202486,0.074827, 0.124552,0.169393
549,0.270961, 0.324131,0.247103, 0.418201,0.183879, 0.330436,0.074472, 0.150818,0.447172
550,0.289462, 0.529267,0.200395, 0.378538,0.109613, 0.299751,0.029259, 0.163715,0.742542
551,0.285888, 0.407193,0.187646, 0.219547,0.185614, 0.306919,0.187646, 0.219547,0.306411
552,0.379491, 0.538555,0.140358, 0.239133,0.140358, 0.239133,0.081954, 0.241017,0.515678
553,0.272197, 0.451512,0.199581, 0.344812,0.177359, 0.332723,0.050535, 0.171281,0.600656
554,0.164341, 0.504115,0.142265, 0.429809,0.131574, 0.334228,0.032130, 0.261539,1.059380
555,0.298794, 0.359081,0.235117, 0.397890,0.129766, 0.276036,0.114921, 0.188395,0.442803
556,0.444444, 0.444444,0.222222, 0.222222,0.222222, 0.222222,0.111111, 0.111111,0.000001
557,0.259402, 0.392050,0.351828, 0.361051,0.132697, 0.254457,0.101008, 0.147506,0.310129
558,0.304645, 0.347511,0.326078, 0.399695,0.141772, 0.184306,0.111188, 0.184805,0.232635
559,0.304645, 0.347511,0.326078, 0.399695,0.141772, 0.184306,0.111188, 0.184805,0.232635
560,0.262081, 0.298653,0.280367, 0.343664,0.262081, 0.298653,0.095601, 0.158899,0.199737
561,0.285888, 0.407193,0.185614, 0.306919,0.187646, 0.219547,0.187646, 0.219547,0.306411
562,0.333333, 0.333333,0.333333, 0.333333,0.166667, 0.166667,0.166667, 0.166667,0.000001
563,0.227882, 0.409537,0.355990, 0.381586,0.129478, 0.289389,0.071823, 0.134315,0.429654
564,0.262341, 0.400025,0.162211, 0.313170,0.297033, 0.303004,0.086855, 0.175362,0.383120
565,0.278152, 0.497878,0.182522, 0.315356,0.182522, 0.315356,0.004245, 0.223970,0.705119
566,0.285416, 0.450039,0.209399, 0.354357,0.130374, 0.269575,0.100737, 0.200103,0.548148
567,0.285888, 0.407193,0.185614, 0.306919,0.187646, 0.219547,0.187646, 0.219547,0.306411
568,0.242639, 0.443653,0.150543, 0.334734,0.142140, 0.343146,0.091882, 0.251264,0.745593
569,0.337565, 0.576162,0.244165, 0.314747,0.105698, 0.202813,0.004654, 0.214197,0.615837
570,0.384203, 0.406208,0.187584, 0.207621,0.197603, 0.280437,0.126756, 0.209589,0.207711
571,0.304785, 0.458811,0.246769, 0.361337,0.161671, 0.314234,0.076196, 0.076196,0.421157
572,0.285888, 0.407193,0.185614, 0.306919,0.187646, 0.219547,0.187646, 0.219547,0.306411
573,0.333333, 0.333333,0.333333, 0.333333,0.166667, 0.166667,0.166667, 0.166667,0.000001
574,0.325063, 0.351558,0.237537, 0.338311,0.156750, 0.181561,0.154223, 0.254997,0.252852
575,0.352550, 0.387589,0.320344, 0.370069,0.167583, 0.202486,0.074827, 0.124552,0.169393
576,0.242639, 0.443653,0.150543, 0.334734,0.142140, 0.343146,0.091882, 0.251264,0.745593
577,0.321631, 0.338363,0.321631, 0.338363,0.164999, 0.234165,0.105841, 0.175007,0.171796
578,0.233345, 0.404899,0.273733, 0.288227,0.179155, 0.306521,0.109425, 0.204696,0.408685
579,0.285416, 0.450039,0.209399, 0.354357,0.130374, 0.269575,0.100737, 0.200103,0.548148
580,0.261354, 0.413352,0.263114, 0.283797,0.186411, 0.339817,0.106517, 0.145639,0.365208
581,0.215177, 0.460833,0.136463, 0.338005,0.146623, 0.394150,0.071517, 0.237234,0.860442
582,0.318968, 0.452664,0.277457, 0.360480,0.118765, 0.200204,0.068884, 0.202579,0.431852
583,0.235104, 0.397897,0.298781, 0.359101,0.129759, 0.276035,0.114912, 0.188411,0.442887
584,0.288032, 0.506023,0.209044, 0.344497,0.150254, 0.166602,0.098865, 0.236685,0.507613
585,0.304188, 0.427521,0.215324, 0.340220,0.195745, 0.269372,0.107362, 0.140268,0.354764
586,0.259402, 0.392050,0.351828, 0.361051,0.132697, 0.254457,0.101008, 0.147506,0.310129
587,0.326729, 0.463677,0.209593, 0.346542,0.144363, 0.182366,0.144363, 0.182366,0.349902
588,0.285416, 0.450039,0.209399, 0.354357,0.130374, 0.269575,0.100737, 0.200103,0.548148
589,0.305917, 0.344016,0.305917, 0.344016,0.162483, 0.284402,0.065666, 0.187584,0.320036
590,0.272197, 0.451512,0.199581, 0.344812,0.177359, 0.332723,0.050535, 0.171281,0.600656
591,0.333333, 0.333333,0.333333, 0.333333,0.166667, 0.166667,0.166667, 0.166667,0.000001
592,0.304645, 0.347511,0.326078, 0.399695,0.141772, 0.184306,0.111188, 0.184805,0.232635
593,0.311014, 0.437115,0.225067, 0.357677,0.195225, 0.295063,0.072597, 0.106242,0.392194
594,0.237528, 0.338313,0.325061, 0.351566,0.154216, 0.255001,0.156749, 0.181565,0.252891
595,0.318290, 0.453342,0.206651, 0.341703,0.208347, 0.244995,0.095577, 0.131094,0.342269
596,0.288854, 0.321144,0.248719, 0.304999,0.288854, 0.321144,0.085003, 0.141282,0.177139
597,0.241374, 0.425199,0.236849, 0.376060,0.168573, 0.301238,0.091771, 0.158936,0.522866
598,0.209388, 0.354358,0.285422, 0.450043,0.130382, 0.269560,0.100731, 0.200115,0.548153
599,0.261354, 0.413352,0.263114, 0.283797,0.186411, 0.339817,0.106517, 0.145639,0.365208
600,0.427387, 0.450000,0.182161, 0.316080,0.139866, 0.239280,0.085427, 0.159799,0.330319
601,0.354892, 0.396812,0.129685, 0.352853,0.129217, 0.331814,0.094868, 0.209859,0.582677
602,0.325063, 0.351558,0.237537, 0.338311,0.154223, 0.254997,0.156750, 0.181561,0.252852
603,0.318968, 0.452664,0.277457, 0.360480,0.118765, 0.200204,0.068884, 0.202579,0.431852
604,0.272197, 0.451512,0.199581, 0.344812,0.177359, 0.332723,0.050535, 0.171281,0.600656
605,0.247097, 0.418194,0.270968, 0.324129,0.183871, 0.330452,0.074452, 0.150839,0.447226
606,0.224059, 0.428497,0.276259, 0.339929,0.172231, 0.366001,0.017811, 0.175214,0.619282
607,0.368856, 0.525364,0.214576, 0.310788,0.080613, 0.237122,0.083890, 0.178791,0.504129
608,0.285888, 0.407193,0.185614, 0.306919,0.187646, 0.219547,0.187646, 0.219547,0.306411
609,0.279400, 0.502167,0.158714, 0.354820,0.210379, 0.241780,0.088036, 0.164704,0.526942
610,0.318290, 0.453342,0.208347, 0.244995,0.206651, 0.341703,0.095577, 0.131094,0.342269
611,0.425871, 0.425871,0.144323, 0.323320,0.110421, 0.319403,0.037855, 0.212935,0.563060
612,0.321631, 0.338363,0.321631, 0.338363,0.164999, 0.234165,0.105841, 0.175007,0.171796
613,0.393085, 0.454089,0.205555, 0.248534,0.205555, 0.248534,0.091822, 0.152826,0.207966
614,0.199579, 0.344806,0.272192, 0.451529,0.177368, 0.332715,0.050514, 0.171296,0.600693
615,0.248640, 0.436819,0.180454, 0.297383,0.259410, 0.287635,0.085344, 0.204315,0.452303
616,0.294765, 0.302499,0.268787, 0.379932,0.226453, 0.319355,0.084622, 0.123588,0.250747
617,0.227882, 0.409537,0.355990, 0.381586,0.129478, 0.289389,0.071823, 0.134315,0.429654
618,0.262081, 0.298653,0.280367, 0.343664,0.262081, 0.298653,0.095601, 0.158899,0.199737
619,0.336471, 0.362908,0.246945, 0.397957,0.128880, 0.302524,0.076707, 0.147607,0.421992
620,0.286457, 0.415956,0.239067, 0.401378,0.169535, 0.285194,0.085344, 0.117069,0.439193
621,0.356004, 0.381561,0.227902, 0.409547,0.129475, 0.289365,0.071813, 0.134333,0.429613
622,0.285416, 0.450039,0.209399, 0.354357,0.130374, 0.269575,0.100737, 0.200103,0.548148
623,0.294765, 0.302499,0.268787, 0.379932,0.226453, 0.319355,0.084622, 0.123588,0.250747
624,0.264510, 0.297184,0.280847, 0.398576,0.180154, 0.297883,0.124785, 0.156061,0.299409
625,0.286925, 0.429884,0.245183, 0.357901,0.187014, 0.273111,0.108568, 0.111414,0.344621
626,0.326729, 0.463677,0.209593, 0.346542,0.144363, 0.182366,0.144363, 0.182366,0.349902
627,0.305917, 0.344016,0.305917, 0.344016,0.162483, 0.284402,0.065666, 0.187584,0.320036
628,0.261354, 0.413352,0.263114, 0.283797,0.186411, 0.339817,0.106517, 0.145639,0.365208
629,0.241374, 0.425199,0.236849, 0.376060,0.168573, 0.301238,0.091771, 0.158936,0.522866
630,0.285714, 0.285714,0.285714, 0.285714,0.285714, 0.285714,0.142857, 0.142857,0.000001
631,0.237737, 0.454655,0.182745, 0.388344,0.082715, 0.326902,0.146137, 0.180765,0.701334
632,0.277453, 0.360479,0.318966, 0.452675,0.118764, 0.200202,0.068876, 0.202585,0.431882
633,0.261354, 0.413352,0.263114, 0.283797,0.186411, 0.339817,0.106517, 0.145639,0.365208
634,0.261354, 0.413352,0.263114, 0.283797,0.186411, 0.339817,0.106517, 0.145639,0.365208
635,0.261354, 0.413352,0.263114, 0.283797,0.186411, 0.339817,0.106517, 0.145639,0.365208
636,0.281383, 0.476221,0.155302, 0.330372,0.160748, 0.232943,0.137532, 0.225498,0.530068
637,0.301360, 0.453354,0.153899, 0.296827,0.244334, 0.349320,0.098942, 0.101964,0.402931
638,0.281383, 0.476221,0.155302, 0.330372,0.160748, 0.232943,0.137532, 0.225498,0.530068
639,0.294765, 0.302499,0.268787, 0.379932,0.226453, 0.319355,0.084622, 0.123588,0.250747
640,0.342830, 0.410902,0.264608, 0.376866,0.155336, 0.221530,0.057835, 0.170093,0.358782
641,0.247742, 0.507866,0.106427, 0.357604,0.118337, 0.423822,0.026039, 0.212162,1.002909
642,0.329971, 0.368947,0.169285, 0.397373,0.099195, 0.349459,0.068572, 0.217199,0.665956
643,0.298794, 0.359081,0.235117, 0.397890,0.129766, 0.276036,0.114921, 0.188395,0.442803
644,0.325063, 0.351558,0.237537, 0.338311,0.154223, 0.254997,0.156750, 0.181561,0.252852
645,0.262952, 0.462039,0.178632, 0.291494,0.247105, 0.286737,0.067835, 0.203205,0.486951
646,0.326034, 0.464373,0.190244, 0.274128,0.190244, 0.274128,0.071255, 0.209593,0.444444
647,0.384203, 0.406208,0.197603, 0.280437,0.126756, 0.209589,0.187584, 0.207621,0.207711
648,0.291746, 0.352608,0.195388, 0.375846,0.106589, 0.361826,0.066939, 0.249058,0.678677
649,0.261400, 0.499117,0.202803, 0.387640,0.106666, 0.348554,0.096910, 0.096910,0.664442
650,0.280368, 0.343664,0.262088, 0.298647,0.262088, 0.298647,0.095601, 0.158897,0.199711
651,0.282605, 0.478266,0.186438, 0.353352,0.191785, 0.304532,0.025417, 0.177605,0.627510
652,0.360770, 0.372386,0.360770, 0.372386,0.128692, 0.183289,0.083555, 0.138151,0.132426
653,0.401146, 0.432665,0.198663, 0.315664,0.162209, 0.222222,0.091452, 0.175979,0.293060
654,0.318968, 0.452664,0.277457, 0.360480,0.118765, 0.200204,0.068884, 0.202579,0.431852
655,0.261354, 0.413352,0.263114, 0.283797,0.186411, 0.339817,0.106517, 0.145639,0.365208
656,0.384203, 0.406208,0.197603, 0.280437,0.126756, 0.209589,0.187584, 0.207621,0.207711
657,0.298794, 0.359081,0.235117, 0.397890,0.129766, 0.276036,0.114921, 0.188395,0.442803
658,0.280849, 0.398566,0.264515, 0.297182,0.180161, 0.297879,0.124788, 0.156060,0.299373
659,0.303927, 0.482012,0.143428, 0.298507,0.227592, 0.357254,0.071150, 0.116130,0.507806
660,0.285888, 0.407193,0.185614, 0.306919,0.187646, 0.219547,0.187646, 0.219547,0.306411
661,0.303978, 0.443132,0.154518, 0.398433,0.150753, 0.352442,0.092666, 0.104078,0.596172
662,0.333333, 0.333333,0.333333, 0.333333,0.166667, 0.166667,0.166667, 0.166667,0.000001
663,0.333333, 0.333333,0.333333, 0.333333,0.166667, 0.166667,0.166667, 0.166667,0.000001
664,0.233345, 0.404899,0.273733, 0.288227,0.179155, 0.306521,0.109425, 0.204696,0.408685
665,0.185788, 0.399999,0.185785, 0.400001,0.121319, 0.292891,0.121324, 0.292893,0.771569
666,0.237528, 0.338313,0.325061, 0.351566,0.154216, 0.255001,0.156749, 0.181565,0.252891
667,0.346127, 0.490191,0.209079, 0.332337,0.140269, 0.240999,0.083336, 0.157663,0.442379
668,0.278753, 0.299974,0.203170, 0.289363,0.278753, 0.299974,0.131910, 0.218103,0.214828
669,0.276140, 0.504909,0.092723, 0.297802,0.190353, 0.361927,0.080883, 0.195262,0.719801
670,0.248640, 0.436819,0.180454, 0.297383,0.259410, 0.287635,0.085344, 0.204315,0.452303
671,0.301360, 0.453354,0.244334, 0.349320,0.153899, 0.296827,0.098942, 0.101964,0.402931
672,0.333333, 0.333333,0.333333, 0.333333,0.166667, 0.166667,0.166667, 0.166667,0.000001
673,0.325063, 0.351558,0.237537, 0.338311,0.154223, 0.254997,0.156750, 0.181561,0.252852
674,0.262131, 0.506051,0.170749, 0.364404,0.192981, 0.291819,0.030401, 0.181464,0.687476
675,0.318290, 0.453342,0.206651, 0.341703,0.208347, 0.244995,0.095577, 0.131094,0.342269
676,0.320907, 0.510070,0.221142, 0.364044,0.127927, 0.241973,0.080333, 0.133604,0.499382
677,0.226454, 0.319345,0.268797, 0.379932,0.294768, 0.302495,0.084626, 0.123583,0.250710
678,0.298794, 0.359081,0.235117, 0.397890,0.129766, 0.276036,0.114921, 0.188395,0.442803
679,0.219194, 0.435408,0.248523, 0.384787,0.168973, 0.335152,0.031538, 0.176425,0.663542
680,0.312361, 0.497342,0.252922, 0.371800,0.098480, 0.213881,0.034117, 0.219098,0.604242
681,0.266108, 0.295848,0.204340, 0.390770,0.157066, 0.333792,0.071098, 0.280978,0.602776
682,0.413233, 0.445702,0.205233, 0.324591,0.144693, 0.268540,0.083646, 0.114362,0.306389
683,0.242639, 0.443653,0.150543, 0.334734,0.142140, 0.343146,0.091882, 0.251264,0.745593
684,0.285888, 0.407193,0.187646, 0.219547,0.185614, 0.306919,0.187646, 0.219547,0.306411
685,0.279400, 0.502167,0.158714, 0.354820,0.210379, 0.241780,0.088036, 0.164704,0.526942
686,0.261354, 0.413352,0.263114, 0.283797,0.186411, 0.339817,0.106517, 0.145639,0.365208
687,0.347711, 0.366108,0.139002, 0.260016,0.220564, 0.396361,0.068275, 0.201962,0.448896
688,0.352550, 0.387589,0.320344, 0.370069,0.167583, 0.202486,0.074827, 0.124552,0.169393
689,0.297158, 0.460079,0.202033, 0.400725,0.113114, 0.278228,0.031348, 0.217316,0.712695
690,0.259402, 0.392050,0.351828, 0.361051,0.132697, 0.254457,0.101008, 0.147506,0.310129
691,0.233345, 0.404899,0.273733, 0.288227,0.179155, 0.306521,0.109425, 0.204696,0.408685
692,0.255662, 0.511325,0.158431, 0.387953,0.071913, 0.365164,0.057806, 0.191747,0.912375
693,0.237528, 0.338313,0.325061, 0.351566,0.154216, 0.255001,0.156749, 0.181565,0.252891
694,0.376127, 0.493422,0.232232, 0.340417,0.162969, 0.201037,0.095441, 0.098356,0.266463
695,0.244331, 0.349320,0.301360, 0.453357,0.153899, 0.296826,0.098942, 0.101965,0.402936
696,0.345323, 0.356506,0.345323, 0.356506,0.171880, 0.206237,0.095512, 0.122714,0.083926
697,0.329119, 0.363285,0.329119, 0.363285,0.173101, 0.245664,0.061932, 0.134495,0.213457
698,0.384203, 0.406208,0.187584, 0.207621,0.197603, 0.280437,0.126756, 0.209589,0.207711
699,0.360770, 0.372386,0.360770, 0.372386,0.128692, 0.183289,0.083555, 0.138151,0.132426
700,0.215177, 0.460833,0.146623, 0.394150,0.136463, 0.338005,0.071517, 0.237234,0.860442
701,0.261354, 0.413352,0.263114, 0.283797,0.186411, 0.339817,0.106517, 0.145639,0.365208
702,0.318968, 0.452664,0.277457, 0.360480,0.118765, 0.200204,0.068884, 0.202579,0.431852
703,0.276140, 0.504909,0.190353, 0.361927,0.092723, 0.297802,0.080883, 0.195262,0.719801
704,0.292448, 0.499186,0.187705, 0.346850,0.211525, 0.272689,0.016600, 0.172997,0.583445
705,0.224240, 0.455726,0.194018, 0.424736,0.195445, 0.263904,0.113946, 0.127986,0.544703
706,0.358659, 0.369610,0.273101, 0.410848,0.136722, 0.271731,0.072724, 0.106605,0.317589
707,0.268795, 0.379930,0.226456, 0.319346,0.294768, 0.302495,0.084625, 0.123585,0.250712
708,0.280849, 0.398566,0.264515, 0.297182,0.180161, 0.297879,0.124788, 0.156060,0.299373
709,0.351823, 0.361055,0.259401, 0.392061,0.132687, 0.254460,0.101002, 0.147511,0.310173
710,0.284816, 0.396493,0.231332, 0.306642,0.285346, 0.300406,0.072416, 0.122549,0.252179
711,0.325063, 0.351558,0.237537, 0.338311,0.154223, 0.254997,0.156750, 0.181561,0.252852
712,0.303451, 0.533200,0.206145, 0.336389,0.142582, 0.165450,0.078282, 0.234502,0.539081
713,0.266108, 0.295848,0.204340, 0.390770,0.157066, 0.333792,0.071098, 0.280978,0.602776
714,0.336471, 0.362908,0.246945, 0.397957,0.128880, 0.302524,0.076707, 0.147607,0.421992
715,0.285416, 0.450039,0.209399, 0.354357,0.130374, 0.269575,0.100737, 0.200103,0.548148
716,0.280849, 0.398566,0.264515, 0.297182,0.180161, 0.297879,0.124788, 0.156060,0.299373
717,0.306706, 0.513723,0.168439, 0.352680,0.203537, 0.273221,0.046486, 0.135209,0.549666
718,0.298794, 0.359081,0.235117, 0.397890,0.129766, 0.276036,0.114921, 0.188395,0.442803
719,0.274590, 0.574507,0.111790, 0.358343,0.115049, 0.255278,0.065545, 0.244899,0.866052
720,0.304188, 0.427521,0.215324, 0.340220,0.195745, 0.269372,0.107362, 0.140268,0.354764
721,0.338159, 0.413071,0.341344, 0.350293,0.137842, 0.178180,0.097997, 0.143113,0.169314
722,0.336471, 0.362908,0.246945, 0.397957,0.128880, 0.302524,0.076707, 0.147607,0.421992
723,0.321631, 0.338363,0.321631, 0.338363,0.164999, 0.234165,0.105841, 0.175007,0.171796
724,0.280368, 0.343664,0.262088, 0.298647,0.262088, 0.298647,0.095601, 0.158897,0.199711
725,0.321631, 0.338363,0.321631, 0.338363,0.164999, 0.234165,0.105841, 0.175007,0.171796
726,0.233345, 0.404899,0.273733, 0.288227,0.179155, 0.306521,0.109425, 0.204696,0.408685
727,0.338159, 0.413071,0.341344, 0.350293,0.137842, 0.178180,0.097997, 0.143113,0.169314
728,0.270870, 0.547995,0.170605, 0.371136,0.071536, 0.310130,0.066896, 0.190833,0.840187
729,0.301360, 0.453354,0.244334, 0.349320,0.153899, 0.296827,0.098942, 0.101964,0.402931
730,0.351415, 0.356593,0.351415, 0.356593,0.143964, 0.177378,0.114991, 0.147652,0.076431
731,0.232920, 0.445444,0.274797, 0.365761,0.109816, 0.291503,0.082396, 0.197363,0.600142
732,0.271486, 0.471081,0.208438, 0.356623,0.159238, 0.167669,0.127311, 0.238154,0.467055
733,0.320374, 0.585789,0.107576, 0.345506,0.093834, 0.226540,0.093839, 0.226541,0.768752
734,0.341341, 0.350298,0.338154, 0.413071,0.137842, 0.178185,0.097993, 0.143116,0.169339
735,0.347711, 0.366108,0.220564, 0.396361,0.139002, 0.260016,0.068275, 0.201962,0.448896
736,0.360770, 0.372386,0.360770, 0.372386,0.128692, 0.183289,0.083555, 0.138151,0.132426
737,0.354892, 0.396812,0.129685, 0.352853,0.129217, 0.331814,0.094868, 0.209859,0.582677
738,0.351415, 0.356593,0.351415, 0.356593,0.143964, 0.177378,0.114991, 0.147652,0.076431
739,0.191394, 0.462059,0.191398, 0.462055,0.150374, 0.311692,0.067665, 0.163363,0.798338
740,0.342045, 0.487176,0.191281, 0.295896,0.191281, 0.295896,0.025647, 0.170779,0.499494
741,0.262081, 0.298653,0.280367, 0.343664,0.262081, 0.298653,0.095601, 0.158899,0.199737
742,0.276140, 0.504909,0.190353, 0.361927,0.092723, 0.297802,0.080883, 0.195262,0.719801
743,0.279911, 0.513499,0.196713, 0.393426,0.091191, 0.292610,0.026060, 0.206590,0.812251
744,0.185788, 0.399999,0.185785, 0.400001,0.121319, 0.292891,0.121324, 0.292893,0.771569
745,0.277453, 0.360479,0.318966, 0.452675,0.118764, 0.200202,0.068876, 0.202585,0.431882
746,0.285416, 0.450039,0.209399, 0.354357,0.130374, 0.269575,0.100737, 0.200103,0.548148
747,0.262081, 0.298653,0.280367, 0.343664,0.262081, 0.298653,0.095601, 0.158899,0.199737
748,0.365793, 0.405586,0.155213, 0.328071,0.125688, 0.282757,0.122205, 0.214688,0.462203
749,0.286457, 0.415956,0.239067, 0.401378,0.169535, 0.285194,0.085344, 0.117069,0.439193
750,0.347643, 0.371479,0.194407, 0.375295,0.145290, 0.251625,0.101098, 0.213163,0.423124
751,0.243041, 0.486082,0.125260, 0.394151,0.124173, 0.350293,0.039452, 0.237548,0.936149
752,0.242639, 0.443653,0.150543, 0.334734,0.142140, 0.343146,0.091882, 0.251264,0.745593
753,0.413233, 0.445702,0.205233, 0.324591,0.144693, 0.268540,0.083646, 0.114362,0.306389
754,0.298794, 0.359081,0.235117, 0.397890,0.129766, 0.276036,0.114921, 0.188395,0.442803
755,0.272197, 0.451512,0.199581, 0.344812,0.177359, 0.332723,0.050535, 0.171281,0.600656
756,0.261354, 0.413352,0.263114, 0.283797,0.186411, 0.339817,0.106517, 0.145639,0.365208
757,0.215322, 0.340219,0.304188, 0.427525,0.195747, 0.269369,0.107359, 0.140270,0.354767
758,0.279400, 0.502167,0.210379, 0.241780,0.158714, 0.354820,0.088036, 0.164704,0.526942
759,0.285416, 0.450039,0.209399, 0.354357,0.130374, 0.269575,0.100737, 0.200103,0.548148
760,0.259402, 0.392050,0.351828, 0.361051,0.132697, 0.254457,0.101008, 0.147506,0.310129
761,0.285416, 0.450039,0.209399, 0.354357,0.130374, 0.269575,0.100737, 0.200103,0.548148
762,0.304188, 0.427521,0.195745, 0.269372,0.215324, 0.340220,0.107362, 0.140268,0.354764
763,0.263117, 0.283790,0.261355, 0.413352,0.186413, 0.339820,0.106519, 0.145634,0.365192
764,0.266108, 0.295848,0.204340, 0.390770,0.157066, 0.333792,0.071098, 0.280978,0.602776
765,0.237528, 0.338313,0.325061, 0.351566,0.154216, 0.255001,0.156749, 0.181565,0.252891
766,0.297158, 0.460079,0.202033, 0.400725,0.113114, 0.278228,0.031348, 0.217316,0.712695
767,0.261354, 0.413352,0.186411, 0.339817,0.263114, 0.283797,0.106517, 0.145639,0.365208
768,0.286457, 0.415956,0.239067, 0.401378,0.169535, 0.285194,0.085344, 0.117069,0.439193
769,0.313059, 0.347116,0.189387, 0.387264,0.093262, 0.320350,0.102999, 0.246563,0.602586
770,0.282605, 0.478266,0.186438, 0.353352,0.191785, 0.304532,0.025417, 0.177605,0.627510
771,0.339643, 0.354767,0.222696, 0.436631,0.117463, 0.278836,0.042561, 0.207402,0.555273
772,0.279911, 0.513499,0.196713, 0.393426,0.091191, 0.292610,0.026060, 0.206590,0.812251
773,0.451681, 0.456132,0.191402, 0.239546,0.210847, 0.266019,0.082377, 0.101997,0.127387
774,0.239975, 0.310212,0.275093, 0.390411,0.239975, 0.310212,0.059402, 0.174720,0.371108
775,0.393085, 0.454089,0.205555, 0.248534,0.205555, 0.248534,0.091822, 0.152826,0.207966
776,0.206987, 0.480069,0.183224, 0.438987,0.098430, 0.299645,0.088808, 0.203849,0.845101
777,0.384203, 0.406208,0.197603, 0.280437,0.187584, 0.207621,0.126756, 0.209589,0.207711
778,0.326079, 0.399695,0.304651, 0.347507,0.141779, 0.184299,0.111187, 0.184803,0.232607
779,0.351415, 0.356593,0.351415, 0.356593,0.143964, 0.177378,0.114991, 0.147652,0.076431
780,0.347711, 0.366108,0.220564, 0.396361,0.139002, 0.260016,0.068275, 0.201962,0.448896
781,0.313059, 0.347116,0.189387, 0.387264,0.093262, 0.320350,0.102999, 0.246563,0.602586
782,0.249200, 0.494320,0.150945, 0.331773,0.183271, 0.283765,0.038644, 0.268083,0.755882
783,0.376127, 0.493422,0.232232, 0.340417,0.162969, 0.201037,0.095441, 0.098356,0.266463
784,0.243041, 0.486082,0.124173, 0.350293,0.125260, 0.394151,0.039452, 0.237548,0.936149
785,0.342830, 0.410902,0.264608, 0.376866,0.155336, 0.221530,0.057835, 0.170093,0.358782
786,0.236834, 0.376058,0.241386, 0.425209,0.168570, 0.301237,0.091804, 0.158902,0.522812
787,0.333333, 0.333333,0.333333, 0.333333,0.166667, 0.166667,0.166667, 0.166667,0.000001
788,0.244331, 0.349320,0.301360, 0.453357,0.153899, 0.296826,0.098942, 0.101965,0.402936
789,0.277332, 0.530378,0.130755, 0.347085,0.136519, 0.244829,0.098107, 0.234995,0.714573
790,0.241374, 0.425199,0.236849, 0.376060,0.168573, 0.301238,0.091771, 0.158936,0.522866
791,0.357310, 0.400575,0.274336, 0.400953,0.144316, 0.255276,0.052643, 0.114590,0.342788
792,0.389578, 0.477733,0.204435, 0.273298,0.204435, 0.273298,0.044534, 0.132688,0.314037
793,0.278152, 0.497878,0.182522, 0.315356,0.182522, 0.315356,0.004245, 0.223970,0.705119
794,0.245929, 0.480097,0.179897, 0.424074,0.139910, 0.318056,0.106019, 0.106019,0.656492
795,0.286925, 0.429884,0.187014, 0.273111,0.245183, 0.357901,0.108568, 0.111414,0.344621
796,0.406668, 0.528775,0.215939, 0.220854,0.147074, 0.227862,0.096290, 0.156539,0.268058
797,0.241374, 0.425199,0.236849, 0.376060,0.168573, 0.301238,0.091771, 0.158936,0.522866
798,0.268795, 0.379930,0.294768, 0.302495,0.226456, 0.319346,0.084625, 0.123585,0.250712
799,0.286457, 0.415956,0.239067, 0.401378,0.169535, 0.285194,0.085344, 0.117069,0.439193
800,0.285416, 0.450039,0.130374, 0.269575,0.209399, 0.354357,0.100737, 0.200103,0.548148
801,0.325063, 0.351558,0.237537, 0.338311,0.156750, 0.181561,0.154223, 0.254997,0.252852
802,0.425871, 0.425871,0.144323, 0.323320,0.110421, 0.319403,0.037855, 0.212935,0.563060
803,0.359427, 0.541068,0.190224, 0.371002,0.125238, 0.233326,0.089857, 0.089857,0.470506
804,0.353249, 0.496475,0.215677, 0.324457,0.113387, 0.209186,0.109339, 0.178229,0.416694
805,0.268795, 0.379930,0.226456, 0.319346,0.294768, 0.302495,0.084625, 0.123585,0.250712
806,0.273737, 0.288220,0.233344, 0.404892,0.179165, 0.306512,0.109430, 0.204699,0.408647
807,0.311014, 0.437115,0.225067, 0.357677,0.195225, 0.295063,0.072597, 0.106242,0.392194
808,0.277453, 0.360479,0.318966, 0.452675,0.118764, 0.200202,0.068876, 0.202585,0.431882
809,0.285888, 0.407193,0.185614, 0.306919,0.187646, 0.219547,0.187646, 0.219547,0.306411
810,0.258324, 0.567326,0.129994, 0.342334,0.218668, 0.218668,0.000001, 0.264684,0.786026
811,0.264859, 0.506525,0.203594, 0.432649,0.144467, 0.219731,0.021054, 0.207120,0.732052
812,0.258085, 0.547920,0.125644, 0.341652,0.195898, 0.289836,0.000001, 0.240963,0.840743
813,0.357310, 0.400575,0.274336, 0.400953,0.144316, 0.255276,0.052643, 0.114590,0.342788
814,0.298794, 0.359081,0.235117, 0.397890,0.129766, 0.276036,0.114921, 0.188395,0.442803
815,0.278753, 0.299974,0.278753, 0.299974,0.203170, 0.289363,0.131910, 0.218103,0.214828
816,0.313059, 0.347116,0.189387, 0.387264,0.093262, 0.320350,0.102999, 0.246563,0.602586
817,0.206987, 0.480069,0.183224, 0.438987,0.098430, 0.299645,0.088808, 0.203849,0.845101
818,0.273737, 0.288220,0.179165, 0.306512,0.233344, 0.404892,0.109430, 0.204699,0.408647
819,0.309336, 0.462036,0.198980, 0.429997,0.097428, 0.285868,0.000001, 0.216355,0.788512
820,0.271486, 0.471081,0.208438, 0.356623,0.159238, 0.167669,0.127311, 0.238154,0.467055
821,0.280849, 0.398566,0.264515, 0.297182,0.180161, 0.297879,0.124788, 0.156060,0.299373
822,0.259402, 0.392050,0.351828, 0.361051,0.132697, 0.254457,0.101008, 0.147506,0.310129
823,0.270961, 0.324131,0.247103, 0.418201,0.183879, 0.330436,0.074472, 0.150818,0.447172
824,0.291746, 0.352608,0.195388, 0.375846,0.106589, 0.361826,0.066939, 0.249058,0.678677
825,0.384203, 0.406208,0.197603, 0.280437,0.187584, 0.207621,0.126756, 0.209589,0.207711
826,0.246925, 0.397964,0.336463, 0.362915,0.128885, 0.302540,0.076709, 0.147600,0.422036
827,0.351415, 0.356593,0.351415, 0.356593,0.143964, 0.177378,0.114991, 0.147652,0.076431
828,0.401146, 0.432665,0.198663, 0.315664,0.162209, 0.222222,0.091452, 0.175979,0.293060
829,0.318968, 0.452664,0.277457, 0.360480,0.118765, 0.200204,0.068884, 0.202579,0.431852
830,0.280849, 0.398566,0.264515, 0.297182,0.180161, 0.297879,0.124788, 0.156060,0.299373
831,0.285416, 0.450039,0.209399, 0.354357,0.130374, 0.269575,0.100737, 0.200103,0.548148
832,0.301360, 0.453354,0.244334, 0.349320,0.153899, 0.296827,0.098942, 0.101964,0.402931
833,0.274809, 0.365753,0.232923, 0.445431,0.109821, 0.291503,0.082408, 0.197351,0.600077
834,0.333333, 0.333333,0.333333, 0.333333,0.166667, 0.166667,0.166667, 0.166667,0.000001
835,0.321631, 0.338363,0.321631, 0.338363,0.164999, 0.234165,0.105841, 0.175007,0.171796
836,0.326729, 0.463677,0.209593, 0.346542,0.144363, 0.182366,0.144363, 0.182366,0.349902
837,0.420271, 0.431298,0.158185, 0.230917,0.185114, 0.277354,0.120652, 0.176210,0.231556
838,0.285416, 0.450039,0.130374, 0.269575,0.209399, 0.354357,0.100737, 0.200103,0.548148
839,0.237528, 0.338313,0.325061, 0.351566,0.154216, 0.255001,0.156749, 0.181565,0.252891
840,0.288609, 0.453291,0.103370, 0.387148,0.145247, 0.370950,0.063000, 0.188385,0.799549
841,0.393085, 0.454089,0.205555, 0.248534,0.205555, 0.248534,0.091822, 0.152826,0.207966
842,0.276140, 0.504909,0.092723, 0.297802,0.190353, 0.361927,0.080883, 0.195262,0.719801
843,0.280849, 0.398566,0.180161, 0.297879,0.264515, 0.297182,0.124788, 0.156060,0.299373
844,0.252234, 0.536030,0.213968, 0.237244,0.147044, 0.330796,0.012759, 0.269927,0.747992
845,0.264510, 0.297184,0.280847, 0.398576,0.180154, 0.297883,0.124785, 0.156061,0.299409
846,0.282605, 0.478266,0.186438, 0.353352,0.191785, 0.304532,0.025417, 0.177605,0.627510
847,0.265580, 0.512159,0.200759, 0.398198,0.117469, 0.258753,0.037471, 0.209612,0.757443
848,0.285416, 0.450039,0.209399, 0.354357,0.130374, 0.269575,0.100737, 0.200103,0.548148
849,0.278753, 0.299974,0.278753, 0.299974,0.203170, 0.289363,0.131910, 0.218103,0.214828
850,0.286925, 0.429884,0.187014, 0.273111,0.245183, 0.357901,0.108568, 0.111414,0.344621
851,0.321631, 0.338363,0.321631, 0.338363,0.164999, 0.234165,0.105841, 0.175007,0.171796
852,0.420271, 0.431298,0.185114, 0.277354,0.158185, 0.230917,0.120652, 0.176210,0.231556
853,0.304188, 0.427521,0.215324, 0.340220,0.195745, 0.269372,0.107362, 0.140268,0.354764
854,0.342830, 0.410902,0.264608, 0.376866,0.155336, 0.221530,0.057835, 0.170093,0.358782
855,0.297050, 0.302989,0.262351, 0.400026,0.162214, 0.313148,0.086878, 0.175343,0.383013
856,0.340243, 0.421781,0.190506, 0.387463,0.156438, 0.224574,0.041019, 0.237976,0.543587
857,0.280849, 0.398566,0.180161, 0.297879,0.264515, 0.297182,0.124788, 0.156060,0.299373
858,0.274809, 0.365753,0.232923, 0.445431,0.109821, 0.291503,0.082408, 0.197351,0.600077
859,0.280849, 0.398566,0.264515, 0.297182,0.180161, 0.297879,0.124788, 0.156060,0.299373
860,0.304188, 0.427521,0.215324, 0.340220,0.195745, 0.269372,0.107362, 0.140268,0.354764
861,0.300000, 0.300000,0.300000, 0.300000,0.300000, 0.300000,0.100000, 0.100000,0.000001
862,0.420271, 0.431298,0.185114, 0.277354,0.158185, 0.230917,0.120652, 0.176210,0.231556
863,0.415731, 0.415731,0.160720, 0.313794,0.117574, 0.277154,0.091432, 0.207865,0.429087
864,0.336471, 0.362908,0.246945, 0.397957,0.128880, 0.302524,0.076707, 0.147607,0.421992
865,0.347711, 0.366108,0.220564, 0.396361,0.139002, 0.260016,0.068275, 0.201962,0.448896
866,0.285888, 0.407193,0.185614, 0.306919,0.187646, 0.219547,0.187646, 0.219547,0.306411
867,0.164341, 0.504115,0.142265, 0.429809,0.131574, 0.334228,0.032130, 0.261539,1.059380
868,0.302748, 0.478819,0.215935, 0.393638,0.152393, 0.164373,0.123388, 0.168706,0.411072
869,0.342446, 0.513669,0.151763, 0.313801,0.114095, 0.214029,0.128386, 0.221811,0.526620
870,0.384203, 0.406208,0.187584, 0.207621,0.197603, 0.280437,0.126756, 0.209589,0.207711
871,0.286925, 0.429884,0.245183, 0.357901,0.187014, 0.273111,0.108568, 0.111414,0.344621
872,0.351415, 0.356593,0.351415, 0.356593,0.143964, 0.177378,0.114991, 0.147652,0.076431
873,0.258085, 0.547920,0.195898, 0.289836,0.125644, 0.341652,0.000001, 0.240963,0.840743
874,0.272197, 0.451512,0.199581, 0.344812,0.177359, 0.332723,0.050535, 0.171281,0.600656
875,0.276140, 0.504909,0.190353, 0.361927,0.092723, 0.297802,0.080883, 0.195262,0.719801
876,0.280368, 0.343664,0.262088, 0.298647,0.262088, 0.298647,0.095601, 0.158897,0.199711
877,0.286925, 0.429884,0.187014, 0.273111,0.245183, 0.357901,0.108568, 0.111414,0.344621
878,0.420271, 0.431298,0.185114, 0.277354,0.158185, 0.230917,0.120652, 0.176210,0.231556
879,0.280849, 0.398566,0.264515, 0.297182,0.180161, 0.297879,0.124788, 0.156060,0.299373
880,0.276140, 0.504909,0.190353, 0.361927,0.092723, 0.297802,0.080883, 0.195262,0.719801
881,0.278753, 0.299974,0.203170, 0.289363,0.278753, 0.299974,0.131910, 0.218103,0.214828
882,0.185788, 0.399999,0.185785, 0.400001,0.121319, 0.292891,0.121324, 0.292893,0.771569
883,0.294640, 0.418138,0.277261, 0.312019,0.189008, 0.312507,0.081810, 0.114617,0.314562
884,0.273737, 0.288220,0.233344, 0.404892,0.179165, 0.306512,0.109430, 0.204699,0.408647
885,0.285416, 0.450039,0.209399, 0.354357,0.130374, 0.269575,0.100737, 0.200103,0.548148
886,0.444444, 0.444444,0.222222, 0.222222,0.222222, 0.222222,0.111111, 0.111111,0.000001
887,0.272197, 0.451512,0.199581, 0.344812,0.177359, 0.332723,0.050535, 0.171281,0.600656
888,0.189215, 0.476700,0.156329, 0.428775,0.131074, 0.332957,0.052934, 0.232016,0.940897
889,0.361654, 0.414370,0.194006, 0.339577,0.171260, 0.216751,0.078405, 0.223976,0.389349
890,0.325063, 0.351558,0.237537, 0.338311,0.154223, 0.254997,0.156750, 0.181561,0.252852
891,0.280849, 0.398566,0.264515, 0.297182,0.180161, 0.297879,0.124788, 0.156060,0.299373
892,0.297158, 0.460079,0.202033, 0.400725,0.113114, 0.278228,0.031348, 0.217316,0.712695
893,0.286457, 0.415956,0.239067, 0.401378,0.169535, 0.285194,0.085344, 0.117069,0.439193
894,0.401146, 0.432665,0.162209, 0.222222,0.198663, 0.315664,0.091452, 0.175979,0.293060
895,0.298794, 0.359081,0.235117, 0.397890,0.129766, 0.276036,0.114921, 0.188395,0.442803
896,0.384203, 0.406208,0.197603, 0.280437,0.187584, 0.207621,0.126756, 0.209589,0.207711
897,0.272197, 0.451512,0.199581, 0.344812,0.177359, 0.332723,0.050535, 0.171281,0.600656
898,0.291746, 0.352608,0.195388, 0.375846,0.106589, 0.361826,0.066939, 0.249058,0.678677
899,0.262131, 0.506051,0.170749, 0.364404,0.192981, 0.291819,0.030401, 0.181464,0.687476
900,0.288854, 0.321144,0.288854, 0.321144,0.248719, 0.304999,0.085003, 0.141282,0.177139
901,0.406668, 0.528775,0.215939, 0.220854,0.147074, 0.227862,0.096290, 0.156539,0.268058
902,0.338159, 0.413071,0.341344, 0.350293,0.137842, 0.178180,0.097997, 0.143113,0.169314
903,0.279400, 0.502167,0.210379, 0.241780,0.158714, 0.354820,0.088036, 0.164704,0.526942
904,0.338159, 0.413071,0.341344, 0.350293,0.137842, 0.178180,0.097997, 0.143113,0.169314
905,0.294640, 0.418138,0.277261, 0.312019,0.189008, 0.312507,0.081810, 0.114617,0.314562
906,0.342830, 0.410902,0.264608, 0.376866,0.155336, 0.221530,0.057835, 0.170093,0.358782
907,0.400584, 0.509524,0.192374, 0.327641,0.138540, 0.227527,0.087478, 0.116332,0.362048
908,0.318968, 0.452664,0.277457, 0.360480,0.118765, 0.200204,0.068884, 0.202579,0.431852
909,0.277332, 0.530378,0.130755, 0.347085,0.136519, 0.244829,0.098107, 0.234995,0.714573
910,0.220419, 0.495668,0.134256, 0.427367,0.107747, 0.358044,0.029403, 0.227095,1.016348
911,0.270153, 0.326510,0.180327, 0.404891,0.156256, 0.372700,0.016457, 0.272706,0.753615
912,0.384203, 0.406208,0.187584, 0.207621,0.197603, 0.280437,0.126756, 0.209589,0.207711
913,0.295115, 0.340895,0.279028, 0.311203,0.279028, 0.311203,0.068874, 0.114654,0.155908
914,0.347711, 0.366108,0.220564, 0.396361,0.139002, 0.260016,0.068275, 0.201962,0.448896
915,0.219001, 0.458011,0.207275, 0.446285,0.215279, 0.231006,0.107639, 0.115503,0.501611
916,0.326729, 0.463677,0.209593, 0.346542,0.144363, 0.182366,0.144363, 0.182366,0.349902
917,0.354636, 0.384500,0.259484, 0.369568,0.168472, 0.278556,0.078841, 0.105943,0.277134
918,0.389578, 0.477733,0.204435, 0.273298,0.204435, 0.273298,0.044534, 0.132688,0.314037
919,0.321631, 0.338363,0.321631, 0.338363,0.164999, 0.234165,0.105841, 0.175007,0.171796
920,0.313059, 0.347116,0.189387, 0.387264,0.093262, 0.320350,0.102999, 0.246563,0.602586
921,0.273101, 0.410842,0.358657, 0.369612,0.136729, 0.271731,0.072726, 0.106603,0.317575
922,0.304188, 0.427521,0.215324, 0.340220,0.195745, 0.269372,0.107362, 0.140268,0.354764
923,0.454422, 0.458757,0.210344, 0.273954,0.137741, 0.235723,0.083889, 0.145170,0.227207
924,0.209388, 0.354358,0.285422, 0.450043,0.130382, 0.269560,0.100731, 0.200115,0.548153
925,0.280849, 0.398566,0.180161, 0.297879,0.264515, 0.297182,0.124788, 0.156060,0.299373
926,0.326079, 0.399695,0.304651, 0.347507,0.141779, 0.184299,0.111187, 0.184803,0.232607
927,0.239975, 0.310212,0.275093, 0.390411,0.239975, 0.310212,0.059402, 0.174720,0.371108
928,0.297158, 0.460079,0.202033, 0.400725,0.113114, 0.278228,0.031348, 0.217316,0.712695
929,0.383986, 0.433384,0.204342, 0.351718,0.151667, 0.227542,0.064730, 0.182630,0.390549
930,0.286925, 0.429884,0.245183, 0.357901,0.187014, 0.273111,0.108568, 0.111414,0.344621
931,0.318290, 0.453342,0.206651, 0.341703,0.208347, 0.244995,0.095577, 0.131094,0.342269
932,0.326079, 0.399695,0.304651, 0.347507,0.141779, 0.184299,0.111187, 0.184803,0.232607
933,0.304188, 0.427521,0.195745, 0.269372,0.215324, 0.340220,0.107362, 0.140268,0.354764
934,0.236834, 0.376058,0.241386, 0.425209,0.168570, 0.301237,0.091804, 0.158902,0.522812
935,0.246925, 0.397964,0.336463, 0.362915,0.128885, 0.302540,0.076709, 0.147600,0.422036
936,0.235104, 0.397897,0.298781, 0.359101,0.129759, 0.276035,0.114912, 0.188411,0.442887
937,0.326079, 0.399695,0.304651, 0.347507,0.141779, 0.184299,0.111187, 0.184803,0.232607
938,0.286457, 0.415956,0.239067, 0.401378,0.169535, 0.285194,0.085344, 0.117069,0.439193
939,0.262081, 0.298653,0.280367, 0.343664,0.262081, 0.298653,0.095601, 0.158899,0.199737
940,0.333333, 0.333333,0.333333, 0.333333,0.166667, 0.166667,0.166667, 0.166667,0.000001
941,0.242639, 0.443653,0.150543, 0.334734,0.142140, 0.343146,0.091882, 0.251264,0.745593
942,0.342830, 0.410902,0.264608, 0.376866,0.155336, 0.221530,0.057835, 0.170093,0.358782
943,0.321631, 0.338363,0.321631, 0.338363,0.164999, 0.234165,0.105841, 0.175007,0.171796
944,0.292448, 0.499186,0.211525, 0.272689,0.187705, 0.346850,0.016600, 0.172997,0.583445
945,0.325063, 0.351558,0.237537, 0.338311,0.154223, 0.254997,0.156750, 0.181561,0.252852
946,0.241374, 0.425199,0.236849, 0.376060,0.168573, 0.301238,0.091771, 0.158936,0.522866
947,0.348278, 0.507544,0.213955, 0.354922,0.139419, 0.261529,0.039706, 0.134646,0.517282
948,0.354636, 0.384500,0.259484, 0.369568,0.168472, 0.278556,0.078841, 0.105943,0.277134
949,0.250700, 0.520157,0.125855, 0.345549,0.167923, 0.333476,0.008440, 0.247901,0.894165
950,0.262341, 0.400025,0.297033, 0.303004,0.162211, 0.313170,0.086855, 0.175362,0.383120
951,0.325063, 0.351558,0.237537, 0.338311,0.154223, 0.254997,0.156750, 0.181561,0.252852
952,0.191394, 0.462059,0.191398, 0.462055,0.150374, 0.311692,0.067665, 0.163363,0.798338
953,0.259402, 0.392050,0.351828, 0.361051,0.132697, 0.254457,0.101008, 0.147506,0.310129
954,0.338387, 0.448793,0.329687, 0.347087,0.123061, 0.187724,0.071228, 0.154033,0.275274
955,0.209388, 0.354358,0.285422, 0.450043,0.130382, 0.269560,0.100731, 0.200115,0.548153
956,0.280849, 0.398566,0.264515, 0.297182,0.180161, 0.297879,0.124788, 0.156060,0.299373
957,0.341341, 0.350298,0.338154, 0.413071,0.137842, 0.178185,0.097993, 0.143116,0.169339
958,0.304188, 0.427521,0.215324, 0.340220,0.195745, 0.269372,0.107362, 0.140268,0.354764
959,0.302748, 0.478819,0.215935, 0.393638,0.152393, 0.164373,0.123388, 0.168706,0.411072
960,0.326079, 0.399695,0.304651, 0.347507,0.141779, 0.184299,0.111187, 0.184803,0.232607
961,0.384203, 0.406208,0.187584, 0.207621,0.197603, 0.280437,0.126756, 0.209589,0.207711
962,0.252234, 0.536030,0.147044, 0.330796,0.213968, 0.237244,0.012759, 0.269927,0.747992
963,0.228721, 0.483457,0.187843, 0.414058,0.180086, 0.316378,0.089841, 0.099616,0.627018
964,0.321631, 0.338363,0.321631, 0.338363,0.164999, 0.234165,0.105841, 0.175007,0.171796
965,0.277254, 0.312022,0.294638, 0.418149,0.189001, 0.312511,0.081807, 0.114618,0.314601
966,0.365793, 0.405586,0.155213, 0.328071,0.125688, 0.282757,0.122205, 0.214688,0.462203
967,0.427387, 0.450000,0.139866, 0.239280,0.182161, 0.316080,0.085427, 0.159799,0.330319
968,0.268795, 0.379930,0.294768, 0.302495,0.226456, 0.319346,0.084625, 0.123585,0.250712
969,0.276140, 0.504909,0.190353, 0.361927,0.092723, 0.297802,0.080883, 0.195262,0.719801
970,0.274809, 0.365753,0.232923, 0.445431,0.109821, 0.291503,0.082408, 0.197351,0.600077
971,0.264510, 0.297184,0.280847, 0.398576,0.180154, 0.297883,0.124785, 0.156061,0.299409
972,0.336471, 0.362908,0.246945, 0.397957,0.128880, 0.302524,0.076707, 0.147607,0.421992
973,0.304645, 0.347511,0.326078, 0.399695,0.141772, 0.184306,0.111188, 0.184805,0.232635
974,0.191399, 0.462055,0.191396, 0.462058,0.150370, 0.311688,0.067669, 0.163364,0.798330
975,0.318290, 0.453342,0.206651, 0.341703,0.208347, 0.244995,0.095577, 0.131094,0.342269
976,0.307852, 0.517597,0.214131, 0.416139,0.082641, 0.225211,0.069679, 0.166751,0.651394
977,0.347711, 0.366108,0.220564, 0.396361,0.139002, 0.260016,0.068275, 0.201962,0.448896
978,0.384203, 0.406208,0.197603, 0.280437,0.126756, 0.209589,0.187584, 0.207621,0.207711
979,0.325063, 0.351558,0.237537, 0.338311,0.154223, 0.254997,0.156750, 0.181561,0.252852
980,0.227882, 0.409537,0.355990, 0.381586,0.129478, 0.289389,0.071823, 0.134315,0.429654
981,0.261354, 0.413352,0.263114, 0.283797,0.186411, 0.339817,0.106517, 0.145639,0.365208
982,0.239975, 0.310212,0.275093, 0.390411,0.239975, 0.310212,0.059402, 0.174720,0.371108
983,0.342830, 0.410902,0.264608, 0.376866,0.155336, 0.221530,0.057835, 0.170093,0.358782
984,0.196094, 0.471208,0.174242, 0.439291,0.175340, 0.326295,0.072853, 0.144678,0.762944
985,0.199579, 0.344806,0.272192, 0.451529,0.177368, 0.332715,0.050514, 0.171296,0.600693
986,0.305917, 0.344016,0.305917, 0.344016,0.162483, 0.284402,0.065666, 0.187584,0.320036
987,0.273737, 0.288220,0.233344, 0.404892,0.179165, 0.306512,0.109430, 0.204699,0.408647
988,0.326079, 0.399695,0.304651, 0.347507,0.141779, 0.184299,0.111187, 0.184803,0.232607
989,0.288032, 0.506023,0.209044, 0.344497,0.150254, 0.166602,0.098865, 0.236685,0.507613
990,0.242639, 0.443653,0.150543, 0.334734,0.142140, 0.343146,0.091882, 0.251264,0.745593
991,0.277020, 0.388367,0.301382, 0.320005,0.204331, 0.329057,0.067919, 0.111919,0.298696
992,0.349164, 0.387148,0.205798, 0.437356,0.118584, 0.271292,0.010409, 0.220247,0.632088
993,0.285714, 0.285714,0.285714, 0.285714,0.285714, 0.285714,0.142857, 0.142857,0.000001
994,0.306016, 0.559536,0.209140, 0.402904,0.072655, 0.233361,0.007688, 0.208700,0.809003
995,0.281383, 0.476221,0.155302, 0.330372,0.160748, 0.232943,0.137532, 0.225498,0.530068
996,0.273737, 0.288220,0.233344, 0.404892,0.179165, 0.306512,0.109430, 0.204699,0.408647
997,0.325063, 0.351558,0.237537, 0.338311,0.156750, 0.181561,0.154223, 0.254997,0.252852
998,0.255662, 0.511325,0.158431, 0.387953,0.071913, 0.365164,0.057806, 0.191747,0.912375
999,0.191394, 0.462059,0.191398, 0.462055,0.150374, 0.311692,0.067665, 0.163363,0.798338
1000,0.302748, 0.478819,0.215935, 0.393638,0.152393, 0.164373,0.123388, 0.168706,0.411072
