é¿çsâÒêî,P_1,P_2,P_3,P_4,P_5,P_6,ïΩãœ,
1,0.565892,0.552993,0.428091,0.764431,0.672815,0.565892,0.591686, 
2,0.704545,0.123288,0.253550,0.315789,0.186709,0.838710,0.403765, 
3,0.589403,0.508360,0.558638,0.544065,0.464368,0.660093,0.554154, 
4,0.387804,0.563279,0.563279,0.563279,0.536456,0.684649,0.549791, 
5,0.493261,0.588452,0.474128,0.483195,0.465075,0.497739,0.500308, 
6,0.469994,0.476136,0.476136,0.576696,0.644615,0.581944,0.537587, 
7,0.638472,0.674945,0.530789,0.556129,0.497549,0.598612,0.582749, 
8,0.571414,0.535718,0.642862,0.688473,0.703436,0.527477,0.611563, 
9,0.545056,0.410317,0.537369,0.537369,0.446767,0.455649,0.488754, 
10,0.557136,0.655208,0.586920,0.588090,0.464502,0.548444,0.566716, 
11,0.713799,0.555901,0.489434,0.857675,0.634390,0.662749,0.652325, 
12,0.650676,0.666741,0.583398,0.583398,0.583398,0.499498,0.594519, 
13,0.318770,0.620370,0.536287,0.255034,0.727244,0.592172,0.508313, 
14,0.614583,0.614583,0.767604,0.606320,0.839701,0.688333,0.688521, 
15,0.658627,0.768398,0.395389,0.318357,0.664794,0.658333,0.577316, 
16,0.647261,0.344901,0.615991,0.741638,0.549361,0.603465,0.583770, 
17,0.535767,0.742263,0.534959,0.600326,0.680370,0.768672,0.643726, 
18,0.480772,0.408478,0.527068,0.506496,0.409942,0.530793,0.477258, 
19,0.537721,0.548468,0.495687,0.470115,0.487527,0.508176,0.507949, 
20,0.570066,0.497970,0.564365,0.453971,0.621407,0.448305,0.526014, 
21,0.541850,0.575567,0.549482,0.393919,0.569821,0.894561,0.587533, 
22,0.588935,0.588935,0.373114,0.624339,0.588935,0.656889,0.570191, 
23,0.472788,0.548460,0.481543,0.537259,0.529033,0.435463,0.500758, 
24,0.413823,0.310201,0.441926,0.486437,0.555742,0.664888,0.478836, 
25,0.733829,0.489220,0.509445,0.405577,0.594052,0.531245,0.543895, 
26,0.465805,0.558328,0.582256,0.588949,0.588949,0.665436,0.574954, 
27,0.408465,0.533727,0.565139,0.485207,0.609825,0.543661,0.524337, 
28,0.657013,0.562111,0.319505,0.380695,0.657013,0.772717,0.558176, 
29,0.286334,0.646755,0.567457,0.468333,0.796006,0.921404,0.614381, 
30,0.575068,0.521739,0.476427,0.420627,0.504909,0.424115,0.487148, 
31,0.449347,0.546896,0.554943,0.469705,0.430559,0.463999,0.485908, 
32,0.206315,0.621762,0.437476,0.606158,0.653585,0.767241,0.548756, 
33,0.457433,0.499462,0.405360,0.536592,0.591402,0.567504,0.509626, 
34,0.629213,0.596581,0.755556,0.935000,0.545985,0.655759,0.686349, 
35,0.773193,0.693722,0.614538,0.550333,0.648428,0.460904,0.623520, 
36,0.656154,0.169984,0.664675,0.346880,0.545548,0.547507,0.488458, 
37,0.376909,0.459952,0.605160,0.604302,0.529915,0.520779,0.516170, 
38,0.225423,0.940644,0.660101,0.584727,0.417313,0.687863,0.586012, 
39,0.617626,0.667548,0.521684,0.563455,0.580966,0.503695,0.575829, 
40,0.531921,0.516723,0.487594,0.474416,0.565166,0.651331,0.537858, 
41,0.426867,0.366060,0.703298,0.465674,0.706826,0.591047,0.543295, 
42,0.656818,0.613030,0.608109,0.578503,0.548342,0.646616,0.608570, 
43,0.586964,0.565582,0.605658,0.556072,0.699784,0.699784,0.618974, 
44,0.307004,0.744893,0.534665,0.475517,0.654169,0.619086,0.555889, 
45,0.462666,0.503380,0.537480,0.485799,0.471919,0.440458,0.483617, 
46,0.592332,0.691054,0.721100,0.518290,0.562101,0.691054,0.629322, 
47,0.476223,0.608035,0.583436,0.582050,0.650493,0.451096,0.558555, 
48,0.155439,0.481559,0.580928,0.707217,0.580928,0.562388,0.511410, 
49,0.464502,0.515629,0.472660,0.631383,0.484189,0.525740,0.515684, 
50,0.625403,0.547227,0.521169,0.573286,0.554793,0.663306,0.580864, 
51,0.581562,0.399231,0.472828,0.501304,0.452326,0.432312,0.473260, 
52,0.445876,0.401288,0.495418,0.486410,0.418009,0.564583,0.468597, 
53,0.419796,0.408135,0.391335,0.457056,0.445085,0.555519,0.446154, 
54,0.510351,0.510351,0.546805,0.510351,0.646444,0.480033,0.534056, 
55,0.199462,0.392312,0.588115,0.624114,0.612436,0.695619,0.518676, 
56,0.608717,0.580765,0.434259,0.708409,0.688161,0.759093,0.629901, 
57,0.661754,0.700253,0.586981,0.605674,0.555201,0.587514,0.616229, 
58,0.705035,0.712456,0.567908,0.541420,0.705035,0.469039,0.616815, 
59,0.589657,0.658273,0.542532,0.596786,0.596786,0.668400,0.608739, 
60,0.641322,0.529573,0.592178,0.503271,0.587699,0.638633,0.582113, 
61,0.825153,0.124304,0.655556,0.742230,0.409574,0.602041,0.559810, 
62,0.444637,0.510158,0.425716,0.549506,0.448588,0.455482,0.472348, 
63,0.469702,0.606672,0.497660,0.458627,0.522098,0.668286,0.537174, 
64,0.624387,0.528892,0.500879,0.608425,0.510262,0.538903,0.551958, 
65,0.557652,0.350765,0.581021,0.492046,0.534314,0.794421,0.551703, 
66,0.640194,0.611094,0.506820,0.656609,0.569062,0.809884,0.632277, 
67,0.416717,0.505603,0.459639,0.561781,0.694390,0.601141,0.539878, 
68,0.397964,0.461883,0.505185,0.499435,0.511921,0.499977,0.479394, 
69,0.638547,0.598359,0.490252,0.528856,0.520893,0.588835,0.560957, 
70,0.418603,0.436782,0.506477,0.544981,0.388817,0.462261,0.459653, 
71,0.433274,0.616769,0.559940,0.491043,0.483603,0.484981,0.511602, 
72,0.530530,0.504146,0.400604,0.547835,0.429115,0.568425,0.496776, 
73,0.490311,0.408593,0.470322,0.578839,0.478009,0.564310,0.498397, 
74,0.442538,0.590132,0.536483,0.580377,0.496178,0.581538,0.537874, 
75,0.390305,0.468929,0.471430,0.237840,0.464430,0.447496,0.413405, 
76,0.700000,0.622222,0.563246,0.633962,0.560000,0.600000,0.613238, 
77,0.295160,0.460023,0.476570,0.462224,0.476751,0.686844,0.476262, 
78,0.778617,0.487664,0.598821,0.596937,0.650892,0.672146,0.630846, 
79,0.718398,0.638538,0.405231,0.236356,0.556786,0.594657,0.524994, 
80,0.506040,0.431923,0.473031,0.453519,0.473031,0.436076,0.462270, 
81,0.696565,0.506436,0.686305,0.536226,0.730643,0.659040,0.635869, 
82,0.575053,0.532335,0.569390,0.443612,0.669916,0.460042,0.541725, 
83,0.582242,0.633603,0.415835,0.722509,0.558323,0.679889,0.598734, 
84,0.402723,0.512993,0.436688,0.482253,0.559770,0.474282,0.478118, 
85,0.494188,0.603729,0.481151,0.481732,0.431773,0.627099,0.519945, 
86,0.680193,0.463789,0.587341,0.455135,0.507579,0.513924,0.534660, 
87,0.566061,0.640392,0.680416,0.624004,0.734251,0.540331,0.630909, 
88,0.323672,0.510469,0.592504,0.557533,0.523991,0.605085,0.518876, 
89,0.191650,0.507427,0.356885,0.630804,0.640113,0.716410,0.507215, 
90,0.471251,0.365236,0.521568,0.473619,0.493526,0.510450,0.472608, 
91,0.436255,0.527341,0.492406,0.480021,0.518789,0.402697,0.476251, 
92,0.509091,0.727273,0.509091,0.643678,0.643678,0.727273,0.626681, 
93,0.347730,0.418944,0.510668,0.685765,0.602025,0.618619,0.530625, 
94,0.535355,0.495289,0.533864,0.584910,0.476664,0.586663,0.535458, 
95,0.599153,0.655424,0.469747,0.612516,0.884984,0.665508,0.647889, 
96,0.508335,0.572988,0.560286,0.485354,0.435574,0.435987,0.499754, 
97,0.543692,0.543692,0.543692,0.727776,0.459117,0.739421,0.592898, 
98,0.481424,0.580282,0.530549,0.623840,0.545804,0.538238,0.550023, 
99,0.542833,0.581607,0.484673,0.553912,0.553912,0.596520,0.552243, 
100,0.613026,0.572158,0.670497,0.704943,0.488644,0.728441,0.629618, 
101,0.462963,0.795455,0.452991,0.700000,0.231707,0.666667,0.551630, 
102,0.539978,0.530012,0.477814,0.577808,0.392688,0.622794,0.523515, 
103,0.514026,0.583787,0.523682,0.600957,0.728288,0.613783,0.594087, 
104,0.443606,0.697974,0.523481,0.587581,0.627034,0.475415,0.559182, 
105,0.459936,0.675825,0.510181,0.463801,0.556190,0.604488,0.545070, 
106,0.680445,0.416853,0.604840,0.465262,0.496279,0.553208,0.536148, 
107,0.475125,0.499491,0.624363,0.611621,0.541115,0.585822,0.556256, 
108,0.468261,0.702391,0.575928,0.468261,0.605892,0.659033,0.579961, 
109,0.391236,0.494961,0.349985,0.629951,0.658919,0.551460,0.512752, 
110,0.445977,0.514779,0.542186,0.601506,0.568505,0.447487,0.520073, 
111,0.431681,0.518889,0.285319,0.524184,0.638137,0.516801,0.485835, 
112,0.446728,0.691018,0.785619,0.804423,0.793877,0.604926,0.687765, 
113,0.580635,0.584695,0.508979,0.622481,0.442176,0.494742,0.538951, 
114,0.396030,0.581519,0.501247,0.681376,0.651301,0.693858,0.584222, 
115,0.440749,0.562396,0.549467,0.606030,0.535615,0.499083,0.532223, 
116,0.290346,0.453864,0.499250,0.614462,0.554722,0.614462,0.504517, 
117,0.452971,0.531507,0.476141,0.557564,0.492088,0.535699,0.507662, 
118,0.465633,0.543238,0.523118,0.512196,0.574809,0.595200,0.535699, 
119,0.534748,0.431912,0.515985,0.575435,0.477509,0.538527,0.512353, 
120,0.464776,0.395154,0.569567,0.583950,0.709082,0.625661,0.558032, 
121,0.435463,0.655861,0.601206,0.552624,0.550637,0.637643,0.572239, 
122,0.468704,0.497111,0.520783,0.585881,0.431701,0.539382,0.507260, 
123,0.678636,0.348394,0.616942,0.240098,0.739791,0.697664,0.553587, 
124,0.647007,0.643045,0.503340,0.413450,0.708869,0.607895,0.587268, 
125,0.574048,0.472578,0.459075,0.548651,0.522198,0.555530,0.522013, 
126,0.293175,0.586424,0.373589,0.516460,0.475052,0.707619,0.492053, 
127,0.521386,0.463454,0.540696,0.528561,0.493354,0.655456,0.533818, 
128,0.576243,0.511861,0.478956,0.529372,0.547378,0.419086,0.510483, 
129,0.506008,0.454660,0.445035,0.448677,0.422285,0.410660,0.447888, 
130,0.439018,0.421440,0.429474,0.423338,0.420005,0.552493,0.447628, 
131,0.705035,0.667928,0.712456,0.834910,0.705035,0.469039,0.682400, 
132,0.534617,0.566298,0.666503,0.668855,0.720527,0.573581,0.621730, 
133,0.553666,0.504231,0.447096,0.530930,0.497129,0.557579,0.515105, 
134,0.431585,0.502873,0.586037,0.485998,0.504954,0.567874,0.513220, 
135,0.475314,0.553638,0.533368,0.447636,0.515021,0.396725,0.486950, 
136,0.502969,0.615959,0.374795,0.703076,0.600134,0.506972,0.550651, 
137,0.483403,0.644537,0.571767,0.537114,0.571767,0.683600,0.582031, 
138,0.586374,0.708407,0.565051,0.608296,0.597567,0.556854,0.603758, 
139,0.459690,0.565581,0.469867,0.469867,0.578298,0.572814,0.519353, 
140,0.547480,0.474620,0.420150,0.627114,0.547480,0.627114,0.540660, 
141,0.540045,0.364053,0.634905,0.683825,0.653335,0.540491,0.569442, 
142,0.584227,0.478754,0.563650,0.555430,0.596601,0.596601,0.562544, 
143,0.624653,0.636220,0.734441,0.762894,0.649224,0.816656,0.704015, 
144,0.677322,0.653908,0.605293,0.548664,0.611575,0.499521,0.599381, 
145,0.561899,0.506550,0.518727,0.610267,0.427402,0.490964,0.519302, 
146,0.654780,0.565398,0.480172,0.569374,0.523824,0.504891,0.549740, 
147,0.575755,0.529571,0.465814,0.527621,0.458260,0.562858,0.519980, 
148,0.464631,0.377124,0.676072,0.744349,0.604577,0.655724,0.587079, 
149,0.671243,0.671243,0.482407,0.389028,0.943980,0.822814,0.663452, 
150,0.466694,0.382928,0.518549,0.526526,0.622258,0.549560,0.511086, 
151,0.685730,0.614713,0.486245,0.567767,0.696996,0.477296,0.588125, 
152,0.496866,0.423609,0.401508,0.516225,0.499450,0.478907,0.469428, 
153,0.318968,0.464299,0.568668,0.731052,0.548289,0.657946,0.548204, 
154,0.519901,0.463728,0.388782,0.414894,0.493454,0.577919,0.476446, 
155,0.605574,0.513820,0.797080,0.635852,0.498969,0.734443,0.630956, 
156,0.837336,0.433179,0.249888,0.717547,0.159343,0.365872,0.460528, 
157,0.689618,0.741894,0.623283,0.600798,0.680713,0.519921,0.642705, 
158,0.171076,0.540998,0.405118,0.790071,0.627032,0.568679,0.517162, 
159,0.715378,0.530934,0.637121,0.672790,0.585179,0.555720,0.616187, 
160,0.470114,0.647078,0.603939,0.593155,0.572701,0.603939,0.581821, 
161,0.873972,0.407155,0.374045,0.679148,0.783339,0.855697,0.662226, 
162,0.415448,0.403942,0.540538,0.433152,0.426384,0.466398,0.447643, 
163,0.513765,0.378485,0.462389,0.512500,0.623141,0.564205,0.509081, 
164,0.365559,0.488530,0.481353,0.401128,0.427870,0.558406,0.453808, 
165,0.645083,0.614325,0.917527,0.565990,0.414233,0.604227,0.626898, 
166,0.615136,0.710335,0.615136,0.462577,0.458908,0.889672,0.625294, 
167,0.765313,0.467932,0.695230,0.545396,0.569963,0.669159,0.618832, 
168,0.463815,0.525188,0.449939,0.473978,0.536291,0.445896,0.482518, 
169,0.513057,0.611413,0.560462,0.540705,0.545904,0.519501,0.548507, 
170,0.288559,0.708034,0.605662,0.363055,0.384624,0.468152,0.469681, 
171,0.660130,0.550108,0.660130,0.584253,0.584253,0.660130,0.616501, 
172,0.495302,0.407999,0.523174,0.526563,0.391965,0.473767,0.469795, 
173,0.686173,0.612452,0.712908,0.693203,0.575810,0.497906,0.629742, 
174,0.400053,0.435087,0.485289,0.462191,0.499381,0.522619,0.467437, 
175,0.328035,0.477695,0.459781,0.485400,0.485400,0.492074,0.454731, 
176,0.536031,0.341100,0.523268,0.421373,0.623067,0.724525,0.528227, 
177,0.530938,0.606786,0.661061,0.624632,0.593747,0.816827,0.638998, 
178,0.625266,0.480974,0.541096,0.468950,0.571695,0.590380,0.546393, 
179,0.565746,0.581724,0.502458,0.787026,0.476973,0.568573,0.580417, 
180,0.600246,0.547836,0.410145,0.495092,0.440788,0.655860,0.524994, 
181,0.755778,0.477592,0.488728,0.482706,0.557794,0.449546,0.535357, 
182,0.481374,0.481374,0.509690,0.453943,0.526311,0.636456,0.514858, 
183,0.436785,0.431704,0.561216,0.454426,0.431704,0.438686,0.459087, 
184,0.609311,0.533147,0.634489,0.735375,0.690678,0.572667,0.629278, 
185,0.427485,0.427485,0.476409,0.562307,0.477073,0.624786,0.499258, 
186,0.618382,0.506060,0.469913,0.529356,0.467686,0.577322,0.528120, 
187,0.496699,0.515095,0.429246,0.484496,0.478303,0.564290,0.494688, 
188,0.475367,0.484170,0.606213,0.602820,0.482049,0.500947,0.525261, 
189,0.479934,0.660422,0.611322,0.637896,0.535311,0.567101,0.581998, 
190,0.661721,0.629958,0.591351,0.660671,0.711944,0.456954,0.618767, 
191,0.608364,0.550695,0.497752,0.538794,0.528647,0.499374,0.537271, 
192,0.388201,0.509891,0.489401,0.555247,0.401708,0.511930,0.476063, 
193,0.257081,0.646220,0.849359,0.189840,0.458333,0.660448,0.510213, 
194,0.532134,0.420631,0.473980,0.468129,0.677115,0.536049,0.518006, 
195,0.503408,0.591253,0.548757,0.473003,0.598094,0.598094,0.552102, 
196,0.472324,0.470075,0.493086,0.421862,0.493086,0.439683,0.465019, 
197,0.491279,0.512028,0.386253,0.421096,0.531911,0.471998,0.469094, 
198,0.460482,0.387799,0.526299,0.558966,0.558966,0.614015,0.517754, 
199,0.591168,0.556705,0.503520,0.737496,0.495590,0.621544,0.584337, 
200,0.479468,0.415756,0.438447,0.529991,0.585207,0.464859,0.485622, 
201,0.467310,0.359767,0.524934,0.307872,0.806073,0.657224,0.520530, 
202,0.463663,0.467255,0.423736,0.411629,0.492769,0.484484,0.457256, 
203,0.519653,0.453000,0.539286,0.572759,0.508469,0.661460,0.542438, 
204,0.593908,0.557005,0.629658,0.675383,0.719609,0.498739,0.612384, 
205,0.542761,0.628052,0.506815,0.415946,0.605133,0.668069,0.561129, 
206,0.541558,0.610714,0.657038,0.637615,0.527213,0.524008,0.583024, 
207,0.725000,0.725000,0.515044,0.600579,0.891167,0.748904,0.700949, 
208,0.620682,0.633888,0.713123,0.522957,0.636029,0.616972,0.623942, 
209,0.399171,0.566149,0.454870,0.434653,0.471311,0.498881,0.470839, 
210,0.627230,0.426938,0.516948,0.620102,0.439187,0.487223,0.519605, 
211,0.504726,0.419898,0.470927,0.554112,0.436227,0.492358,0.479708, 
212,0.353755,0.512431,0.438970,0.433595,0.438970,0.567832,0.457592, 
213,0.685379,0.533164,0.501985,0.566583,0.542663,0.587680,0.569576, 
214,0.561168,0.654023,0.603065,0.488483,0.492101,0.708960,0.584633, 
215,0.673531,0.719340,0.499073,0.609701,0.779279,0.599095,0.646670, 
216,0.520343,0.607066,0.468308,0.570375,0.659101,0.494325,0.553253, 
217,0.448066,0.655685,0.578150,0.553606,0.466024,0.530303,0.538639, 
218,0.502368,0.416092,0.523174,0.531847,0.521832,0.441019,0.489389, 
219,0.477078,0.427960,0.556258,0.556541,0.563819,0.551245,0.522150, 
220,0.646955,0.584347,0.579265,0.633042,0.685511,0.475825,0.600824, 
221,0.442564,0.282041,0.399175,0.556557,0.455157,0.490552,0.437674, 
222,0.533475,0.564953,0.559346,0.450792,0.586822,0.605958,0.550224, 
223,0.522629,0.417014,0.497490,0.454438,0.604508,0.479591,0.495945, 
224,0.553665,0.593395,0.505032,0.577180,0.481866,0.525478,0.539436, 
225,0.486224,0.378175,0.529444,0.523626,0.400420,0.400420,0.453052, 
226,0.460628,0.413530,0.456766,0.373788,0.430348,0.459304,0.432394, 
227,0.517912,0.439235,0.517912,0.579716,0.576532,0.673286,0.550765, 
228,0.460573,0.575716,0.529510,0.453377,0.551276,0.630785,0.533539, 
229,0.561015,0.584888,0.462012,0.610312,0.458162,0.702556,0.563158, 
230,0.602963,0.250561,0.554239,0.701459,0.527593,0.594182,0.538499, 
231,0.405915,0.532764,0.625110,0.553483,0.550965,0.670888,0.556521, 
232,0.593464,0.593464,0.505892,0.631387,0.526511,0.663918,0.585773, 
233,0.511523,0.486571,0.584598,0.626355,0.453396,0.607434,0.544979, 
234,0.508151,0.368488,0.605721,0.630538,0.297869,0.494399,0.484194, 
235,0.803213,0.464927,0.260174,0.740310,0.317728,0.358588,0.490823, 
236,0.441883,0.515531,0.546246,0.642430,0.429609,0.480753,0.509409, 
237,0.592281,0.457793,0.535392,0.558165,0.513510,0.403222,0.510060, 
238,0.533384,0.457069,0.618948,0.470401,0.524202,0.594190,0.533032, 
239,0.491870,0.392718,0.611531,0.639455,0.577408,0.695736,0.568120, 
240,0.556096,0.439616,0.439616,0.621822,0.490558,0.495977,0.507281, 
241,0.551460,0.519739,0.442538,0.428119,0.568771,0.556043,0.511112, 
242,0.510277,0.487449,0.434447,0.489595,0.448848,0.503563,0.479030, 
243,0.355591,0.332629,0.534121,0.870758,0.650789,0.769763,0.585609, 
244,0.499555,0.519018,0.504601,0.534284,0.699021,0.548868,0.550891, 
245,0.265645,0.547813,0.391185,0.611243,0.517229,0.679389,0.502084, 
246,0.454724,0.489703,0.496878,0.444693,0.512827,0.569601,0.494738, 
247,0.447550,0.563581,0.462313,0.493134,0.530101,0.443820,0.490083, 
248,0.667255,0.571029,0.403525,0.740413,0.536880,0.569051,0.581359, 
249,0.337176,0.319563,0.502851,0.590427,0.764734,0.751088,0.544307, 
250,0.490544,0.457692,0.535112,0.378117,0.466493,0.415971,0.457321, 
251,0.470799,0.450028,0.556398,0.593572,0.637540,0.474575,0.530485, 
252,0.501643,0.373631,0.580748,0.463055,0.488242,0.480205,0.481254, 
253,0.560147,0.509225,0.574131,0.599797,0.494676,0.543741,0.546953, 
254,0.568168,0.631298,0.522364,0.633430,0.504020,0.602602,0.576980, 
255,0.502625,0.445253,0.551266,0.439471,0.419441,0.546065,0.484020, 
256,0.671092,0.805055,0.536544,0.638136,0.689245,0.840498,0.696762, 
257,0.518049,0.467787,0.640187,0.506787,0.601971,0.660777,0.565926, 
258,0.449096,0.598794,0.596213,0.598794,0.557748,0.633257,0.572317, 
259,0.525278,0.496711,0.416820,0.519972,0.464806,0.478757,0.483724, 
260,0.536651,0.444922,0.468491,0.432563,0.468898,0.397491,0.458169, 
261,0.658497,0.529380,0.634758,0.608986,0.545992,0.539400,0.586169, 
262,0.491985,0.458523,0.519660,0.470280,0.536751,0.603939,0.513523, 
263,0.633214,0.130085,0.579565,0.334403,0.709200,0.811824,0.533049, 
264,0.419949,0.550570,0.424006,0.443279,0.487716,0.462291,0.464635, 
265,0.554390,0.526127,0.505367,0.419459,0.492792,0.503351,0.500248, 
266,0.670969,0.431026,0.605051,0.544545,0.638933,0.551080,0.573601, 
267,0.355413,0.399631,0.433240,0.621727,0.511313,0.511313,0.472106, 
268,0.520452,0.523409,0.507911,0.425824,0.451476,0.497085,0.487693, 
269,0.266616,0.763376,0.454744,0.738937,0.862515,0.772969,0.643193, 
270,0.439459,0.516886,0.584616,0.577609,0.565129,0.449809,0.522251, 
271,0.467705,0.574002,0.599360,0.583113,0.559433,0.480154,0.543961, 
272,0.497205,0.497205,0.573763,0.711488,0.542043,0.783384,0.600848, 
273,0.369837,0.512655,0.482582,0.686231,0.650635,0.588482,0.548403, 
274,0.539731,0.520455,0.485758,0.545238,0.693939,0.545238,0.555060, 
275,0.547820,0.743469,0.599993,0.688051,0.705114,0.539304,0.637292, 
276,0.613484,0.546558,0.536798,0.587697,0.689454,0.485262,0.576542, 
277,0.577741,0.411719,0.368167,0.605441,0.514036,0.565689,0.507132, 
278,0.811130,0.663494,0.579049,0.758279,0.670478,0.736614,0.703174, 
279,0.857211,0.556328,0.312178,0.748362,0.839194,0.672212,0.664247, 
280,0.505481,0.573301,0.611823,0.509853,0.708427,0.506638,0.569254, 
281,0.551614,0.446146,0.660693,0.574293,0.623011,0.618666,0.579070, 
282,0.493408,0.442701,0.394013,0.627245,0.559554,0.595882,0.518801, 
283,0.552590,0.649189,0.676238,0.469152,0.743179,0.542776,0.605521, 
284,0.536648,0.506659,0.700595,0.626415,0.686953,0.576235,0.605584, 
285,0.487898,0.398781,0.555446,0.575485,0.432013,0.608019,0.509607, 
286,0.541589,0.540956,0.541589,0.554639,0.509415,0.483432,0.528603, 
287,0.121661,0.465978,0.550006,0.524225,0.564036,0.481256,0.451194, 
288,0.399108,0.395754,0.558295,0.420489,0.435214,0.477828,0.447782, 
289,0.529970,0.579827,0.654994,0.482921,0.661033,0.586985,0.582622, 
290,0.393828,0.504058,0.504058,0.639766,0.716538,0.631954,0.565034, 
291,0.441853,0.600063,0.621049,0.532328,0.532328,0.648678,0.562717, 
292,0.361824,0.625982,0.549339,0.547734,0.547734,0.468963,0.516930, 
293,0.478977,0.474986,0.538849,0.595598,0.615064,0.478977,0.530409, 
294,0.614366,0.732120,0.523666,0.652698,0.539119,0.843127,0.650849, 
295,0.474553,0.487112,0.550782,0.439659,0.477345,0.658199,0.514608, 
296,0.580630,0.625294,0.554238,0.599428,0.545767,0.456987,0.560391, 
297,0.546771,0.624881,0.605763,0.437417,0.630062,0.728201,0.595516, 
298,0.456657,0.532766,0.503706,0.538176,0.457399,0.492969,0.496946, 
299,0.530966,0.453091,0.470189,0.519167,0.522797,0.470189,0.494400, 
300,0.574585,0.553304,0.648249,0.483861,0.561816,0.561816,0.563939, 
301,0.705521,0.469112,0.743148,0.434307,0.584985,0.551236,0.581385, 
302,0.458673,0.524828,0.529239,0.613365,0.617445,0.461026,0.534096, 
303,0.405182,0.429016,0.466397,0.529854,0.544061,0.443499,0.469668, 
304,0.496150,0.515233,0.459668,0.591857,0.591857,0.580377,0.539190, 
305,0.527496,0.606055,0.674356,0.421997,0.678209,0.750587,0.609783, 
306,0.524580,0.476089,0.555438,0.480667,0.532294,0.532294,0.516894, 
307,0.667262,0.366115,0.625558,0.494268,0.556052,0.556052,0.544218, 
308,0.537468,0.497491,0.542841,0.441323,0.676964,0.495936,0.532004, 
309,0.671745,0.503809,0.417670,0.584126,0.516934,0.719727,0.569002, 
310,0.469920,0.523133,0.457741,0.553219,0.553219,0.401369,0.493100, 
311,0.625653,0.572143,0.544926,0.580435,0.373853,0.536825,0.538972, 
312,0.544772,0.527399,0.444690,0.564959,0.470799,0.365965,0.486431, 
313,0.081081,0.608856,0.569474,0.197802,0.735669,0.744000,0.489480, 
314,0.432271,0.555277,0.790291,0.682436,0.709794,0.739866,0.651656, 
315,0.664097,0.362623,0.355588,0.664097,0.567315,0.775996,0.564953, 
316,0.624576,0.706592,0.312059,0.513312,0.674867,0.678005,0.584902, 
317,0.454393,0.226459,0.605098,0.526842,0.432728,0.576370,0.470315, 
318,0.778905,0.782461,0.671724,0.549838,0.723269,0.626632,0.688805, 
319,0.569904,0.556100,0.500490,0.620265,0.537832,0.460046,0.540773, 
320,0.566738,0.536181,0.566738,0.559704,0.610334,0.516086,0.559297, 
321,0.572130,0.449930,0.598780,0.585571,0.573360,0.553589,0.555560, 
322,0.356739,0.506432,0.552472,0.553337,0.552472,0.639070,0.526754, 
323,0.503838,0.494841,0.460700,0.669574,0.513110,0.700562,0.557104, 
324,0.442494,0.387709,0.565409,0.585801,0.455086,0.596551,0.505509, 
325,0.828055,0.617856,0.554917,0.648243,0.651831,0.591640,0.648757, 
326,0.194040,0.570525,0.630336,0.446333,0.759358,0.600012,0.533434, 
327,0.482090,0.458658,0.575541,0.548243,0.608908,0.244496,0.486323, 
328,0.512534,0.555340,0.474693,0.473887,0.520631,0.438595,0.495947, 
329,0.321761,0.464992,0.520791,0.530435,0.577489,0.482213,0.482947, 
330,0.492073,0.552327,0.492073,0.489730,0.505869,0.686699,0.536462, 
331,0.593228,0.347871,0.684202,0.556629,0.539053,0.619008,0.556665, 
332,0.534016,0.547925,0.541613,0.559667,0.508788,0.647548,0.556593, 
333,0.613354,0.647702,0.529305,0.576545,0.656454,0.662033,0.614232, 
334,0.559081,0.539114,0.461242,0.632403,0.486941,0.493637,0.528736, 
335,0.616047,0.283840,0.440033,0.577544,0.650438,0.480036,0.507990, 
336,0.542495,0.542495,0.541510,0.658744,0.461550,0.854473,0.600211, 
337,0.258591,0.672175,0.566042,0.274178,0.739643,0.671968,0.530433, 
338,0.557147,0.450889,0.572595,0.594837,0.589273,0.528060,0.548800, 
339,0.401435,0.673475,0.601118,0.461118,0.696031,0.488692,0.553645, 
340,0.457550,0.565648,0.738846,0.565648,0.420186,0.759912,0.584632, 
341,0.602863,0.610693,0.647451,0.781727,0.610693,0.658046,0.651912, 
342,0.465153,0.474925,0.412999,0.615643,0.517955,0.459680,0.491059, 
343,0.585473,0.455869,0.494693,0.547320,0.602235,0.461713,0.524550, 
344,0.644683,0.586075,0.546326,0.703290,0.639355,0.615379,0.622518, 
345,0.410366,0.308777,0.549735,0.595513,0.728748,0.762509,0.559275, 
346,0.602388,0.473677,0.489683,0.504996,0.533922,0.476081,0.513458, 
347,0.459016,0.393999,0.471188,0.393999,0.387104,0.388517,0.415637, 
348,0.481295,0.436410,0.467582,0.631860,0.503550,0.503550,0.504041, 
349,0.490524,0.448479,0.523225,0.556982,0.556982,0.638821,0.535835, 
350,0.514993,0.739434,0.608629,0.776222,0.621932,0.695954,0.659527, 
351,0.597993,0.597993,0.735712,0.654155,0.771726,0.669752,0.671222, 
352,0.538259,0.598065,0.464641,0.669833,0.660369,0.852066,0.630539, 
353,0.514059,0.471221,0.440622,0.584964,0.600438,0.488356,0.516610, 
354,0.672716,0.727416,0.709393,0.778429,0.672716,0.540575,0.683541, 
355,0.498186,0.469242,0.419557,0.516166,0.463771,0.431897,0.466470, 
356,0.713542,0.634259,0.646226,0.713542,0.611607,0.485422,0.634100, 
357,0.595374,0.680031,0.290856,0.264394,0.768346,0.666818,0.544303, 
358,0.506400,0.667521,0.445018,0.511993,0.588475,0.463182,0.530432, 
359,0.568317,0.422889,0.447765,0.487307,0.624865,0.485459,0.506100, 
360,0.670610,0.524012,0.728091,0.508252,0.549638,0.491781,0.578731, 
361,0.490719,0.406514,0.406514,0.442193,0.594136,0.465888,0.467661, 
362,0.463158,0.583981,0.519919,0.459199,0.431118,0.635814,0.515532, 
363,0.702180,0.574091,0.504623,0.646204,0.624035,0.674410,0.620924, 
364,0.411527,0.495357,0.495257,0.419596,0.410784,0.490547,0.453845, 
365,0.430665,0.485180,0.591538,0.448486,0.607428,0.635355,0.533109, 
366,0.520226,0.449578,0.433521,0.510366,0.500217,0.462129,0.479340, 
367,0.687488,0.525832,0.570625,0.509812,0.507222,0.535167,0.556024, 
368,0.512287,0.554201,0.578562,0.537236,0.675475,0.469662,0.554571, 
369,0.432808,0.402428,0.640958,0.536342,0.698683,0.673890,0.564185, 
370,0.499181,0.378953,0.496804,0.401983,0.453876,0.345956,0.429459, 
371,0.467642,0.565282,0.549366,0.594466,0.612754,0.442250,0.538627, 
372,0.613341,0.500395,0.542094,0.563723,0.651130,0.443879,0.552427, 
373,0.516956,0.631835,0.610217,0.602101,0.555249,0.341467,0.542971, 
374,0.476415,0.488035,0.598573,0.583830,0.726838,0.670928,0.590770, 
375,0.440374,0.356494,0.618114,0.488357,0.658800,0.560204,0.520391, 
376,0.552255,0.613670,0.511392,0.511392,0.613670,0.497356,0.549956, 
377,0.426174,0.662461,0.581329,0.743593,0.488912,0.867995,0.628410, 
378,0.224549,0.420522,0.680012,0.518105,0.692124,0.803651,0.556494, 
379,0.335828,0.605408,0.699243,0.664637,0.512567,0.508296,0.554330, 
380,0.616183,0.479938,0.528157,0.665477,0.559993,0.673631,0.587230, 
381,0.540124,0.491506,0.564246,0.481957,0.542092,0.446257,0.511030, 
382,0.552704,0.493486,0.448138,0.478301,0.601734,0.414528,0.498148, 
383,0.467896,0.439415,0.569824,0.514328,0.566358,0.410836,0.494776, 
384,0.643750,0.563130,0.702273,0.515000,0.662143,0.536030,0.603721, 
385,0.569431,0.282000,0.483636,0.534948,0.611494,0.690909,0.528736, 
386,0.518741,0.627232,0.509640,0.724488,0.509640,0.515062,0.567467, 
387,0.493822,0.531685,0.381774,0.466310,0.414152,0.518122,0.467644, 
388,0.516956,0.568651,0.507724,0.602101,0.688482,0.505855,0.564962, 
389,0.283575,0.473760,0.643847,0.678382,0.737741,0.540377,0.559614, 
390,0.296823,0.384528,0.631704,0.552741,0.575024,0.712745,0.525594, 
391,0.590788,0.397413,0.521750,0.552653,0.542605,0.505757,0.518494, 
392,0.487109,0.544086,0.560870,0.556696,0.560870,0.477778,0.531235, 
393,0.418907,0.509260,0.511998,0.439531,0.520090,0.488725,0.481419, 
394,0.422657,0.403061,0.437849,0.404380,0.445810,0.510824,0.437430, 
395,0.573500,0.670325,0.265981,0.356660,0.534616,0.556930,0.493002, 
396,0.574306,0.489349,0.530128,0.530128,0.403907,0.422478,0.491716, 
397,0.501819,0.566276,0.406352,0.413282,0.635647,0.746753,0.545022, 
398,0.515547,0.577366,0.614586,0.555204,0.552702,0.603764,0.569861, 
399,0.581832,0.649487,0.468066,0.594594,0.586273,0.710893,0.598524, 
400,0.476552,0.467036,0.649844,0.487383,0.493882,0.711524,0.547704, 
401,0.874654,0.440695,0.686333,0.789042,0.668186,0.503489,0.660400, 
402,0.674781,0.368062,0.578383,0.598923,0.578383,0.477795,0.546055, 
403,0.803102,0.492867,0.585596,0.661378,0.504513,0.587157,0.605769, 
404,0.625048,0.465461,0.567435,0.660515,0.468209,0.495858,0.547088, 
405,0.454624,0.432918,0.714620,0.636642,0.490307,0.735038,0.577358, 
406,0.511151,0.438130,0.600047,0.472025,0.481581,0.481581,0.497419, 
407,0.515860,0.499352,0.441347,0.407081,0.435482,0.520159,0.469880, 
408,0.457259,0.638182,0.638182,0.410016,0.775134,0.596546,0.585886, 
409,0.569703,0.494958,0.562625,0.452002,0.485165,0.483102,0.507926, 
410,0.320225,0.951515,0.700106,0.352941,0.876457,0.796875,0.666353, 
411,0.483878,0.514866,0.550620,0.638400,0.440496,0.620116,0.541396, 
412,0.525761,0.457503,0.459182,0.591092,0.507023,0.619239,0.526633, 
413,0.463974,0.454240,0.522493,0.522493,0.597685,0.487407,0.508049, 
414,0.638345,0.387081,0.570916,0.612879,0.647200,0.550340,0.567794, 
415,0.691572,0.541519,0.595010,0.627025,0.487271,0.526253,0.578108, 
416,0.647376,0.540462,0.582638,0.614805,0.618302,0.666510,0.611682, 
417,0.549399,0.710271,0.600270,0.600270,0.773124,0.552321,0.630942, 
418,0.249378,0.489128,0.444634,0.517901,0.737934,0.692699,0.521946, 
419,0.563636,0.563636,0.563636,0.664122,0.744000,0.744000,0.640505, 
420,0.561904,0.602809,0.488812,0.483011,0.464262,0.527373,0.521362, 
421,0.451831,0.502034,0.398674,0.398674,0.433877,0.418916,0.434001, 
422,0.599780,0.492946,0.469812,0.589018,0.585392,0.658692,0.565940, 
423,0.489588,0.568554,0.505544,0.642584,0.487332,0.453737,0.524557, 
424,0.394732,0.433200,0.701746,0.451122,0.644461,0.644461,0.544954, 
425,0.520245,0.394237,0.651879,0.638365,0.669657,0.671363,0.590958, 
426,0.763523,0.554213,0.775586,0.526101,0.618901,0.610277,0.641434, 
427,0.579878,0.535272,0.527575,0.431419,0.415022,0.454228,0.490566, 
428,0.382609,0.453913,0.477622,0.469565,0.474963,0.405939,0.444102, 
429,0.394114,0.454529,0.454529,0.626239,0.612625,0.556763,0.516467, 
430,0.452134,0.545915,0.362869,0.598331,0.679542,0.649424,0.548036, 
431,0.588977,0.475941,0.523535,0.628242,0.566448,0.566448,0.558265, 
432,0.568135,0.522537,0.550654,0.585748,0.422348,0.458454,0.517979, 
433,0.455308,0.523604,0.585396,0.541027,0.482090,0.675745,0.543862, 
434,0.704545,0.704545,0.572327,0.612360,0.686391,0.807018,0.681198, 
435,0.516494,0.608725,0.581056,0.624333,0.656617,0.608725,0.599325, 
436,0.562746,0.519928,0.569445,0.521276,0.449716,0.499701,0.520469, 
437,0.511587,0.367551,0.516506,0.421638,0.476775,0.619808,0.485644, 
438,0.490975,0.495576,0.648183,0.513998,0.561740,0.448891,0.526561, 
439,0.596320,0.452742,0.303349,0.501365,0.803159,0.679494,0.556071, 
440,0.471892,0.474589,0.588333,0.444927,0.512340,0.512340,0.500737, 
441,0.638077,0.493292,0.507621,0.669980,0.702286,0.638204,0.608243, 
442,0.491116,0.463779,0.504958,0.430181,0.514939,0.468197,0.478862, 
443,0.539646,0.742014,0.607102,0.559424,0.659568,0.523775,0.605255, 
444,0.528319,0.473919,0.429350,0.464788,0.621616,0.573066,0.515176, 
445,0.560571,0.650147,0.349144,0.629005,0.582412,0.582412,0.558948, 
446,0.594209,0.582558,0.514219,0.586985,0.569913,0.466528,0.552402, 
447,0.510974,0.541208,0.472245,0.521032,0.549804,0.478459,0.512287, 
448,0.430089,0.489630,0.471050,0.518155,0.670647,0.602125,0.530282, 
449,0.506773,0.535860,0.509669,0.553988,0.490067,0.471916,0.511379, 
450,0.468638,0.610965,0.478741,0.458224,0.458224,0.571510,0.507717, 
451,0.661830,0.516383,0.544242,0.657823,0.775735,0.670005,0.637670, 
452,0.586021,0.519606,0.518702,0.554520,0.519606,0.516567,0.535837, 
453,0.469250,0.520356,0.579161,0.543566,0.543566,0.449197,0.517516, 
454,0.563665,0.520306,0.562116,0.633063,0.449693,0.520306,0.541525, 
455,0.433166,0.433166,0.493765,0.561003,0.613652,0.506758,0.506919, 
456,0.446086,0.212294,0.520454,0.301670,0.683094,0.711540,0.479190, 
457,0.501261,0.305572,0.327932,0.345310,0.208942,0.854405,0.423904, 
458,0.407081,0.747517,0.797318,0.709095,0.318575,0.654268,0.605642, 
459,0.693333,0.854545,0.181486,0.295918,0.693333,0.865385,0.597334, 
460,0.420632,0.524906,0.446170,0.473211,0.481661,0.503580,0.475027, 
461,0.386963,0.377014,0.523206,0.425659,0.532074,0.438540,0.447243, 
462,0.490159,0.436763,0.471705,0.596408,0.593848,0.528520,0.519567, 
463,0.268991,0.515532,0.478939,0.505406,0.480136,0.501986,0.458498, 
464,0.532127,0.438625,0.737305,0.506897,0.621910,0.539946,0.562802, 
465,0.646271,0.535604,0.543085,0.418345,0.582045,0.516657,0.540335, 
466,0.427429,0.474914,0.445416,0.473460,0.450914,0.464973,0.456184, 
467,0.352418,0.482798,0.511396,0.438692,0.488104,0.530988,0.467399, 
468,0.680952,0.456581,0.506398,0.242907,0.652346,0.549728,0.514819, 
469,0.544412,0.579927,0.501735,0.519993,0.536778,0.446544,0.521565, 
470,0.501689,0.433558,0.450234,0.473817,0.482393,0.482393,0.470681, 
471,0.685425,0.648038,0.648038,0.686581,0.796768,0.664654,0.688251, 
472,0.399426,0.479311,0.582749,0.551650,0.467285,0.565853,0.507712, 
473,0.556084,0.586754,0.557358,0.465612,0.609529,0.460957,0.539382, 
474,0.626229,0.517080,0.497044,0.510962,0.560310,0.403228,0.519142, 
475,0.503015,0.610804,0.593837,0.647822,0.660095,0.750110,0.627614, 
476,0.749943,0.696388,0.552703,0.626492,0.772411,0.577293,0.662538, 
477,0.616914,0.526793,0.442693,0.628057,0.494595,0.467117,0.529361, 
478,0.486014,0.446154,0.418269,0.443466,0.514793,0.460983,0.461613, 
479,0.436813,0.425021,0.588425,0.506165,0.412298,0.433930,0.467109, 
480,0.545095,0.551844,0.753058,0.573549,0.647070,0.536218,0.601139, 
481,0.804959,0.490246,0.678673,0.758160,0.576000,0.860300,0.694723, 
482,0.555094,0.414051,0.557518,0.557518,0.252947,0.483630,0.470126, 
483,0.449453,0.555845,0.449453,0.589447,0.599271,0.434189,0.512943, 
484,0.710972,0.169774,0.744260,0.289858,0.907624,0.682533,0.584170, 
485,0.398899,0.415903,0.567827,0.455884,0.730807,0.611339,0.530110, 
486,0.570950,0.318258,0.536197,0.536197,0.463477,0.443477,0.478093, 
487,0.486117,0.532144,0.502905,0.502905,0.451689,0.636027,0.518631, 
488,0.481335,0.689403,0.632866,0.542457,0.634941,0.638430,0.603239, 
489,0.584806,0.487338,0.487338,0.621222,0.684194,0.449851,0.552458, 
490,0.474231,0.601354,0.364234,0.485646,0.687062,0.736814,0.558223, 
491,0.629834,0.591398,0.278281,0.644444,0.902357,0.477046,0.587227, 
492,0.703274,0.503960,0.266826,0.843929,0.825184,0.513568,0.609457, 
493,0.717722,0.347680,0.319041,0.665720,0.673827,0.595090,0.553180, 
494,0.534748,0.515985,0.431912,0.575435,0.538527,0.477509,0.512353, 
495,0.621686,0.542384,0.498045,0.620430,0.467322,0.541645,0.548585, 
496,0.816316,0.539319,0.539319,0.690443,0.694172,0.788235,0.677967, 
497,0.483207,0.430581,0.553355,0.553355,0.362405,0.472469,0.475895, 
498,0.538095,0.240618,0.538095,0.579487,0.496703,0.496703,0.481617, 
499,0.488849,0.338838,0.549636,0.562254,0.493951,0.435839,0.478228, 
500,0.339308,0.526182,0.555413,0.640492,0.518087,0.751689,0.555195, 
501,0.454324,0.415008,0.454608,0.562967,0.546339,0.604923,0.506362, 
502,0.468390,0.680032,0.546455,0.513380,0.743178,0.596934,0.591395, 
503,0.446530,0.314846,0.659101,0.345346,0.591089,0.625141,0.497009, 
504,0.533386,0.465500,0.588341,0.469976,0.434191,0.395893,0.481214, 
505,0.301498,0.439258,0.400674,0.587934,0.587934,0.583035,0.483389, 
506,0.487044,0.669182,0.520505,0.535748,0.454574,0.639245,0.551050, 
507,0.605473,0.616897,0.471055,0.425952,0.480943,0.608503,0.534804, 
508,0.634301,0.518402,0.441746,0.609603,0.509307,0.448490,0.526975, 
509,0.383289,0.418173,0.485620,0.594222,0.485620,0.514674,0.480266, 
510,0.447730,0.488432,0.508784,0.520994,0.610054,0.610054,0.531008, 
511,0.300801,0.449727,0.549667,0.568621,0.568621,0.642468,0.513317, 
512,0.535218,0.512381,0.451431,0.512381,0.668323,0.613795,0.548922, 
513,0.465956,0.512551,0.500396,0.599730,0.580653,0.457683,0.519495, 
514,0.640892,0.605934,0.655195,0.662991,0.753206,0.660313,0.663088, 
515,0.469200,0.529354,0.430100,0.512460,0.448800,0.472267,0.477030, 
516,0.439544,0.637116,0.678181,0.791955,0.563199,0.570693,0.613448, 
517,0.353212,0.600788,0.616999,0.520741,0.498198,0.567702,0.526273, 
518,0.481609,0.466238,0.472567,0.436611,0.451892,0.541066,0.474997, 
519,0.433078,0.459729,0.491164,0.480763,0.476280,0.559381,0.483399, 
520,0.480917,0.380080,0.439098,0.416342,0.537441,0.551628,0.467584, 
521,0.615885,0.436583,0.442826,0.476890,0.490817,0.547021,0.501670, 
522,0.503029,0.529505,0.433646,0.566920,0.369875,0.469863,0.478806, 
523,0.633758,0.538694,0.507007,0.633758,0.507007,0.528132,0.558059, 
524,0.468153,0.567459,0.640210,0.591918,0.540650,0.668791,0.579530, 
525,0.566276,0.619516,0.569241,0.617756,0.557564,0.557564,0.581319, 
526,0.570112,0.423680,0.508558,0.479319,0.587642,0.462196,0.505251, 
527,0.601932,0.431370,0.543044,0.525429,0.580678,0.498353,0.530134, 
528,0.568239,0.541180,0.478517,0.561132,0.555611,0.555611,0.543381, 
529,0.616392,0.543876,0.543876,0.728022,0.458745,0.634910,0.587637, 
530,0.450560,0.505024,0.680567,0.610495,0.547109,0.551274,0.557505, 
531,0.452674,0.452674,0.357600,0.455001,0.721449,0.622552,0.510325, 
532,0.532740,0.525442,0.564573,0.595091,0.514982,0.500607,0.538906, 
533,0.467614,0.571528,0.457222,0.556081,0.633077,0.556081,0.540267, 
534,0.581172,0.617949,0.617949,0.772436,0.690098,0.640957,0.653427, 
535,0.475250,0.461672,0.538617,0.570408,0.567746,0.590137,0.533972, 
536,0.596705,0.512793,0.447528,0.546979,0.676094,0.605885,0.564331, 
537,0.569191,0.485109,0.545140,0.553156,0.567462,0.417940,0.523000, 
538,0.586145,0.514162,0.507241,0.557646,0.428337,0.395019,0.498092, 
539,0.540207,0.558179,0.647935,0.564480,0.694552,0.350207,0.559260, 
540,0.784970,0.456492,0.642248,0.532783,0.891463,0.817010,0.687495, 
541,0.487678,0.520175,0.503114,0.538450,0.642273,0.541596,0.538881, 
542,0.508902,0.469646,0.629088,0.570085,0.700983,0.455087,0.555632, 
543,0.763017,0.477064,0.686716,0.664267,0.605436,0.800466,0.666161, 
544,0.452174,0.533862,0.503201,0.615268,0.234009,0.503201,0.473619, 
545,0.544896,0.496437,0.474536,0.454485,0.562821,0.542566,0.512624, 
546,0.459778,0.422625,0.477442,0.594547,0.591674,0.519436,0.510917, 
547,0.541573,0.431653,0.465128,0.565968,0.467728,0.458900,0.488492, 
548,0.595642,0.647437,0.537871,0.603988,0.529722,0.483825,0.566414, 
549,0.674313,0.572145,0.572145,0.622449,0.769436,0.769436,0.663320, 
550,0.641060,0.550240,0.440393,0.567289,0.520362,0.611455,0.555133, 
551,0.549468,0.792097,0.692036,0.593182,0.781433,0.649457,0.676279, 
552,0.299520,0.664590,0.675319,0.628340,0.557398,0.425401,0.541761, 
553,0.700937,0.494779,0.637216,0.484597,0.580810,0.737829,0.606028, 
554,0.484126,0.609390,0.643668,0.537790,0.509011,0.588496,0.562080, 
555,0.495618,0.461598,0.451865,0.464413,0.447627,0.497348,0.469745, 
556,0.584639,0.444431,0.539129,0.544778,0.498346,0.472209,0.513922, 
557,0.632887,0.569690,0.474741,0.507295,0.557394,0.589505,0.555252, 
558,0.463477,0.358630,0.515288,0.338637,0.544259,0.457790,0.446347, 
559,0.578984,0.591303,0.563945,0.507881,0.606999,0.542797,0.565318, 
560,0.577159,0.524690,0.605086,0.655862,0.506280,0.541087,0.568361, 
561,0.692029,0.492472,0.553295,0.483518,0.491073,0.534082,0.541078, 
562,0.311792,0.575236,0.441191,0.539284,0.619551,0.799450,0.547751, 
563,0.461069,0.494002,0.555752,0.562140,0.727426,0.782170,0.597093, 
564,0.551294,0.427728,0.489314,0.536183,0.385520,0.439779,0.471636, 
565,0.512470,0.548307,0.454757,0.439591,0.598248,0.666616,0.536665, 
566,0.758555,0.371016,0.371518,0.512679,0.776983,0.578566,0.561553, 
567,0.506818,0.422348,0.545804,0.434415,0.397304,0.426153,0.455474, 
568,0.471787,0.471787,0.707680,0.556034,0.625391,0.610922,0.573933, 
569,0.467822,0.664088,0.562005,0.651238,0.662363,0.507699,0.585869, 
570,0.425346,0.533984,0.531682,0.617046,0.616443,0.481199,0.534283, 
571,0.399111,0.663523,0.589798,0.667314,0.667314,0.567444,0.592417, 
572,0.477129,0.617553,0.511209,0.470932,0.559437,0.574683,0.535157, 
573,0.539157,0.474905,0.416621,0.549361,0.485709,0.532629,0.499730, 
574,0.248393,0.373932,0.571546,0.511780,0.614137,0.637447,0.492873, 
575,0.444398,0.518465,0.518465,0.634855,0.608076,0.417362,0.523604, 
576,0.471015,0.644547,0.656332,0.628020,0.735352,0.511299,0.607761, 
577,0.572407,0.615124,0.645316,0.496086,0.545150,0.618819,0.582150, 
578,0.275657,0.664145,0.818759,0.601849,0.314801,0.529712,0.534154, 
579,0.517991,0.582740,0.483459,0.517991,0.573775,0.720479,0.566073, 
580,0.500027,0.435097,0.416840,0.559480,0.403698,0.438155,0.458883, 
581,0.374844,0.742066,0.415095,0.145635,0.790964,0.639544,0.518025, 
582,0.721583,0.830496,0.683106,0.636013,0.623580,0.660730,0.692585, 
583,0.565960,0.496554,0.496554,0.488915,0.390981,0.611144,0.508352, 
584,0.531921,0.516723,0.487594,0.474416,0.565166,0.651331,0.537858, 
585,0.622727,0.726515,0.280326,0.789520,0.523091,0.093846,0.506004, 
586,0.544184,0.449784,0.479770,0.606812,0.441894,0.562859,0.514217, 
587,0.495425,0.447403,0.447403,0.620721,0.620721,0.645237,0.546151, 
588,0.553681,0.473320,0.439072,0.418435,0.442673,0.525911,0.475515, 
589,0.450318,0.575407,0.456489,0.496754,0.438405,0.589441,0.501136, 
590,0.499141,0.499141,0.467945,0.561534,0.427835,0.575932,0.505255, 
591,0.628990,0.506796,0.625108,0.424930,0.509485,0.478372,0.528947, 
592,0.664569,0.520456,0.635125,0.486065,0.458255,0.495786,0.543376, 
593,0.715959,0.453370,0.499870,0.609216,0.610326,0.494566,0.563884, 
594,0.763063,0.554955,0.713269,0.551101,0.546192,0.644883,0.628911, 
595,0.470032,0.476337,0.455701,0.604464,0.518867,0.430707,0.492685, 
596,0.534360,0.459145,0.484264,0.445947,0.535217,0.607228,0.511027, 
597,0.677134,0.677737,0.529360,0.473434,0.716396,0.799867,0.645655, 
598,0.281952,0.506970,0.400239,0.669200,0.669200,0.569048,0.516101, 
599,0.660902,0.660902,0.732500,0.835792,0.820043,0.744915,0.742509, 
600,0.448725,0.510425,0.539873,0.527008,0.595722,0.387622,0.501563, 
601,0.072580,0.571636,0.340289,0.754684,0.686076,0.831108,0.542729, 
602,0.308733,0.668211,0.668211,0.292567,0.825587,0.612651,0.562660, 
603,0.543054,0.394285,0.533008,0.552942,0.480550,0.409618,0.485576, 
604,0.647772,0.569240,0.618328,0.503823,0.575797,0.548201,0.577194, 
605,0.243163,0.490228,0.549056,0.425258,0.560261,0.603358,0.478554, 
606,0.390792,0.447789,0.451105,0.492567,0.536987,0.565423,0.480777, 
607,0.491466,0.554475,0.450511,0.415130,0.450511,0.478234,0.473388, 
608,0.603239,0.408900,0.511839,0.537920,0.717469,0.575819,0.559198, 
609,0.472960,0.530800,0.598420,0.493038,0.554318,0.461136,0.518445, 
610,0.420701,0.554560,0.532982,0.556572,0.512845,0.445267,0.503821, 
611,0.626210,0.496609,0.509024,0.623295,0.595418,0.531399,0.563659, 
612,0.534141,0.428234,0.493053,0.433990,0.475719,0.588736,0.492312, 
613,0.513948,0.443506,0.443506,0.683000,0.689899,0.615315,0.564863, 
614,0.429569,0.525029,0.536961,0.433304,0.477299,0.445779,0.474657, 
615,0.424640,0.445872,0.539194,0.630417,0.630417,0.534829,0.534228, 
616,0.551032,0.463444,0.573802,0.551032,0.723229,0.657481,0.586670, 
617,0.575755,0.465814,0.529571,0.562858,0.527621,0.458260,0.519980, 
618,0.582719,0.686776,0.653532,0.649315,0.578935,0.578935,0.621702, 
619,0.620674,0.508244,0.508244,0.550598,0.383025,0.461107,0.505315, 
620,0.485254,0.611842,0.569646,0.626531,0.505061,0.556521,0.559143, 
621,0.561111,0.500450,0.451804,0.566837,0.360714,0.500450,0.490228, 
622,0.599856,0.476951,0.543452,0.599856,0.773148,0.599856,0.598853, 
623,0.570368,0.515171,0.574689,0.658073,0.674071,0.759758,0.625355, 
624,0.493142,0.574669,0.564381,0.572681,0.530699,0.418999,0.525762, 
625,0.577702,0.601574,0.636837,0.479598,0.681955,0.551443,0.588185, 
626,0.606657,0.491664,0.455910,0.455910,0.707155,0.525974,0.540545, 
627,0.830920,0.694219,0.255258,0.223089,0.938158,0.551764,0.582235, 
628,0.561982,0.514239,0.513794,0.535606,0.576235,0.482099,0.530659, 
629,0.532426,0.493291,0.607953,0.421289,0.475153,0.464007,0.499020, 
630,0.511640,0.626759,0.625215,0.551820,0.540309,0.524380,0.563354, 
631,0.434622,0.668741,0.487077,0.704805,0.534993,0.577549,0.567965, 
632,0.600223,0.411872,0.523213,0.619393,0.619393,0.458707,0.538800, 
633,0.481055,0.510210,0.405167,0.505257,0.366020,0.473929,0.456940, 
634,0.438617,0.416747,0.552246,0.516525,0.533742,0.629696,0.514595, 
635,0.458244,0.439150,0.501204,0.480493,0.372989,0.501204,0.458881, 
636,0.558863,0.400515,0.478860,0.596666,0.552531,0.671377,0.543135, 
637,0.509333,0.645338,0.484003,0.484003,0.629205,0.623536,0.562570, 
638,0.529864,0.630790,0.594745,0.540677,0.580528,0.623369,0.583329, 
639,0.452061,0.625892,0.649964,0.594253,0.561698,0.550234,0.572350, 
640,0.619605,0.525725,0.630870,0.588812,0.600012,0.481915,0.574490, 
641,0.474969,0.534341,0.481436,0.568792,0.592252,0.694643,0.557739, 
642,0.493414,0.500844,0.513686,0.596243,0.474734,0.503131,0.513675, 
643,0.581290,0.420333,0.651340,0.498573,0.761490,0.375336,0.548060, 
644,0.512887,0.512887,0.625567,0.554532,0.564176,0.633567,0.567269, 
645,0.509148,0.622292,0.565720,0.565720,0.583398,0.490745,0.556170, 
646,0.287064,0.468996,0.751786,0.140650,0.395051,0.808295,0.475307, 
647,0.657333,0.470512,0.504164,0.598642,0.519434,0.562682,0.552128, 
648,0.631576,0.555948,0.487373,0.423884,0.639353,0.487803,0.537656, 
649,0.460895,0.430168,0.472136,0.553767,0.549554,0.476571,0.490515, 
650,0.634630,0.510255,0.429218,0.446473,0.628622,0.468856,0.519676, 
651,0.657733,0.490746,0.750674,0.485898,0.391973,0.657733,0.572459, 
652,0.690492,0.532582,0.463451,0.507546,0.568989,0.574690,0.556291, 
653,0.471848,0.424693,0.547681,0.385076,0.485611,0.613403,0.488052, 
654,0.511194,0.335422,0.410307,0.617927,0.485451,0.731778,0.515347, 
655,0.549087,0.484667,0.484667,0.627601,0.615154,0.528728,0.548317, 
656,0.609101,0.498272,0.484431,0.538574,0.574479,0.626911,0.555295, 
657,0.516443,0.477310,0.460336,0.379738,0.482392,0.482392,0.466435, 
658,0.495639,0.400324,0.571891,0.619549,0.470857,0.627810,0.531012, 
659,0.468457,0.489188,0.704190,0.434388,0.738106,0.534670,0.561500, 
660,0.709965,0.540510,0.423723,0.468237,0.462763,0.789012,0.565702, 
661,0.436548,0.369235,0.503409,0.382928,0.474998,0.449728,0.436141, 
662,0.220591,0.556658,0.383312,0.499355,0.506227,0.569935,0.456013, 
663,0.618301,0.593569,0.534116,0.592232,0.597691,0.573334,0.584874, 
664,0.444881,0.584645,0.531133,0.531133,0.525768,0.569355,0.531153, 
665,0.393439,0.391328,0.561374,0.464707,0.540482,0.425452,0.462797, 
666,0.511250,0.504938,0.568056,0.472644,0.248064,0.629231,0.489030, 
667,0.509159,0.592045,0.547346,0.495336,0.623460,0.530374,0.549620, 
668,0.697188,0.612121,0.379651,0.535503,0.597906,0.408030,0.538400, 
669,0.713720,0.714434,0.444844,0.777305,0.792354,0.504627,0.657881, 
670,0.482191,0.464141,0.650181,0.702014,0.580977,0.638194,0.586283, 
671,0.553432,0.498329,0.536662,0.583620,0.472045,0.683518,0.554601, 
672,0.515581,0.736603,0.501261,0.558547,0.672948,0.678397,0.610556, 
673,0.698955,0.493380,0.603020,0.632121,0.632121,0.485671,0.590878, 
674,0.498227,0.532139,0.483129,0.498227,0.568274,0.703379,0.547229, 
675,0.442034,0.618696,0.544042,0.629446,0.512358,0.683144,0.571620, 
676,0.566535,0.690385,0.510521,0.542230,0.617163,0.523126,0.574993, 
677,0.493515,0.504123,0.499949,0.498261,0.412934,0.436775,0.474260, 
678,0.585963,0.528901,0.676111,0.807297,0.761834,0.600988,0.660182, 
679,0.511199,0.466438,0.566990,0.518265,0.434674,0.567158,0.510787, 
680,0.545407,0.616938,0.586451,0.507093,0.479297,0.689752,0.570823, 
681,0.515385,0.323324,0.639788,0.527098,0.422698,0.540095,0.494731, 
682,0.517453,0.420229,0.478178,0.506544,0.558909,0.558909,0.506704, 
683,0.462696,0.687879,0.526446,0.460208,0.872247,0.762895,0.628728, 
684,0.390385,0.390385,0.417837,0.468462,0.589356,0.595217,0.475274, 
685,0.565644,0.492658,0.585846,0.492658,0.466656,0.499432,0.517149, 
686,0.469611,0.465616,0.372707,0.469611,0.704416,0.543638,0.504266, 
687,0.516956,0.631835,0.610217,0.507724,0.602101,0.555249,0.570680, 
688,0.461079,0.421953,0.477993,0.417789,0.413399,0.370807,0.427170, 
689,0.482750,0.431705,0.406310,0.410345,0.431705,0.389242,0.425343, 
690,0.472844,0.540337,0.680679,0.562290,0.562290,0.481071,0.549919, 
691,0.659907,0.255245,0.562874,0.809886,0.565635,0.860749,0.619049, 
692,0.443965,0.438679,0.414458,0.463051,0.507388,0.480695,0.458039, 
693,0.397950,0.561028,0.613831,0.518705,0.521756,0.488744,0.517002, 
694,0.434649,0.476044,0.486713,0.570047,0.517975,0.534952,0.503397, 
695,0.562050,0.414441,0.478201,0.539555,0.481286,0.556712,0.505374, 
696,0.413241,0.579487,0.475673,0.479120,0.553056,0.455990,0.492761, 
697,0.052794,0.747111,0.459547,0.361409,0.673506,0.828319,0.520448, 
698,0.522648,0.517398,0.514866,0.678029,0.716605,0.578017,0.587927, 
699,0.555083,0.524029,0.619307,0.655610,0.718348,0.562222,0.605767, 
700,0.547573,0.430523,0.586259,0.514825,0.431664,0.547626,0.509745, 
701,0.696250,0.579437,0.696250,0.710927,0.506364,0.803365,0.665432, 
702,0.565427,0.502602,0.551241,0.609215,0.520681,0.743018,0.582031, 
703,0.526635,0.493720,0.684626,0.511146,0.575638,0.486125,0.546315, 
704,0.583225,0.499907,0.499907,0.620853,0.620853,0.742287,0.594505, 
705,0.477241,0.582025,0.596949,0.625825,0.511476,0.531958,0.554246, 
706,0.596188,0.515724,0.226913,0.818184,0.604137,0.750755,0.585317, 
707,0.250421,0.634759,0.725439,0.778092,0.462986,0.591000,0.573783, 
708,0.429604,0.468513,0.606500,0.468659,0.695550,0.730327,0.566526, 
709,0.457565,0.484384,0.420808,0.449719,0.565043,0.498736,0.479376, 
710,0.600283,0.600945,0.528020,0.528020,0.736686,0.609254,0.600535, 
711,0.635325,0.545982,0.545982,0.648568,0.831973,0.673829,0.646943, 
712,0.474839,0.432138,0.513394,0.435269,0.615595,0.453405,0.487440, 
713,0.556043,0.486178,0.411077,0.463026,0.509087,0.411236,0.472775, 
714,0.355506,0.503249,0.516054,0.575309,0.434906,0.590947,0.495995, 
715,0.539567,0.659665,0.558498,0.683526,0.678176,0.707431,0.637810, 
716,0.463376,0.460480,0.517078,0.619478,0.663632,0.474023,0.533011, 
717,0.367118,0.380715,0.419628,0.487567,0.479701,0.387514,0.420374, 
718,0.477337,0.662182,0.506124,0.608672,0.468209,0.456504,0.529838, 
719,0.485342,0.557864,0.557864,0.491598,0.537775,0.595333,0.537629, 
720,0.455137,0.545646,0.475456,0.475456,0.537889,0.558064,0.507941, 
721,0.533618,0.595484,0.595359,0.630258,0.517448,0.686080,0.593041, 
722,0.628738,0.888966,0.302958,0.239256,0.687466,0.780212,0.587933, 
723,0.399243,0.538978,0.508826,0.602144,0.487602,0.575519,0.518719, 
724,0.638765,0.382457,0.334032,0.760655,0.719775,0.750746,0.597738, 
725,0.505373,0.663302,0.463259,0.618824,0.474558,0.651555,0.562812, 
726,0.399208,0.484561,0.643675,0.697315,0.784479,0.877739,0.647830, 
727,0.552860,0.499795,0.499795,0.501755,0.501755,0.496838,0.508800, 
728,0.455779,0.478568,0.513085,0.474257,0.462385,0.613549,0.499604, 
729,0.483180,0.220126,0.669535,0.091787,0.263982,0.457074,0.364281, 
730,0.491173,0.456502,0.470058,0.774962,0.718601,0.706794,0.603015, 
731,0.418919,0.532544,0.532544,0.647273,0.714286,0.734694,0.596710, 
732,0.413469,0.578671,0.578671,0.604668,0.682005,0.541997,0.566580, 
733,0.902690,0.692375,0.829266,0.790691,0.795097,0.771087,0.796868, 
734,0.523724,0.520405,0.454576,0.438595,0.469007,0.374957,0.463544, 
735,0.443939,0.506091,0.506091,0.639885,0.639885,0.702904,0.573133, 
736,0.503527,0.533863,0.614673,0.350356,0.614524,0.578352,0.532549, 
737,0.409017,0.409017,0.534868,0.547835,0.474147,0.566228,0.490185, 
738,0.453794,0.578587,0.585911,0.546443,0.521863,0.655732,0.557055, 
739,0.435505,0.512237,0.474572,0.627728,0.609931,0.689549,0.558254, 
740,0.705035,0.667928,0.567908,0.574609,0.695736,0.705035,0.652708, 
741,0.682494,0.840476,0.727724,0.329527,0.525460,0.620328,0.621002, 
742,0.592754,0.673506,0.515439,0.586311,0.647602,0.648141,0.610626, 
743,0.609405,0.914107,0.316295,0.327335,0.907624,0.682533,0.626217, 
744,0.558778,0.428707,0.593701,0.542813,0.572943,0.712442,0.568231, 
745,0.530305,0.507841,0.507841,0.388827,0.642098,0.642098,0.536501, 
746,0.660664,0.425139,0.647980,0.617749,0.577928,0.555777,0.580873, 
747,0.539605,0.295791,0.687407,0.364154,0.440511,0.853498,0.530161, 
748,0.512008,0.514442,0.441029,0.470214,0.463753,0.562040,0.493914, 
749,0.510755,0.457745,0.594115,0.461397,0.581018,0.581018,0.531008, 
750,0.468789,0.532715,0.412854,0.515239,0.443929,0.446541,0.470011, 
751,0.465466,0.700383,0.330931,0.771982,0.803718,0.466100,0.589763, 
752,0.677807,0.496283,0.554853,0.513940,0.536848,0.488243,0.544662, 
753,0.461591,0.551972,0.513811,0.432065,0.671072,0.602247,0.538793, 
754,0.482679,0.558657,0.572573,0.631241,0.522416,0.482679,0.541708, 
755,0.714042,0.634704,0.714042,0.636848,0.506740,0.617767,0.637357, 
756,0.455357,0.498797,0.453400,0.443162,0.510308,0.627428,0.498075, 
757,0.518330,0.377485,0.446375,0.432849,0.481883,0.503812,0.460122, 
758,0.558204,0.507459,0.446564,0.553860,0.407756,0.513395,0.497873, 
759,0.174245,0.710464,0.828874,0.676351,0.434619,0.612307,0.572810, 
760,0.584771,0.518925,0.668413,0.613848,0.366128,0.613848,0.560989, 
761,0.509465,0.476993,0.513685,0.521712,0.559601,0.453073,0.505755, 
762,0.441644,0.504736,0.573564,0.555210,0.511377,0.655022,0.540259, 
763,0.371132,0.462776,0.494570,0.443758,0.431924,0.524180,0.454723, 
764,0.598811,0.747500,0.556285,0.650000,0.650000,0.448598,0.608532, 
765,0.632316,0.625644,0.547075,0.522208,0.490087,0.551257,0.561431, 
766,0.509159,0.592045,0.495336,0.547346,0.623460,0.530374,0.549620, 
767,0.493399,0.506997,0.461424,0.643496,0.490820,0.631796,0.537989, 
768,0.468911,0.418483,0.510775,0.610925,0.575630,0.374780,0.493251, 
769,0.427426,0.698926,0.402855,0.607762,0.593962,0.659661,0.565099, 
770,0.682091,0.545673,0.417235,0.385054,0.697384,0.764701,0.582023, 
771,0.310135,0.447806,0.572740,0.526716,0.449465,0.468192,0.462509, 
772,0.524492,0.617373,0.572173,0.476811,0.531131,0.686607,0.568098, 
773,0.655000,0.454945,0.727778,0.744318,0.500000,0.524000,0.601007, 
774,0.566170,0.544355,0.401904,0.771070,0.771070,0.636782,0.615225, 
775,0.513320,0.471504,0.365338,0.598618,0.443546,0.471504,0.477305, 
776,0.651261,0.671982,0.511375,0.671785,0.747530,0.330926,0.597477, 
777,0.580276,0.496332,0.511842,0.545965,0.537015,0.560216,0.538608, 
778,0.441005,0.472506,0.433130,0.505765,0.437763,0.551257,0.473571, 
779,0.454271,0.491635,0.511566,0.570776,0.557186,0.477214,0.510441, 
780,0.579097,0.402850,0.546474,0.602260,0.530334,0.602260,0.543879, 
781,0.859447,0.341823,0.582876,0.675793,0.750050,0.693432,0.650570, 
782,0.503823,0.647772,0.618328,0.569768,0.548201,0.575797,0.577282, 
783,0.493175,0.613729,0.618967,0.526053,0.738330,0.539701,0.588326, 
784,0.520227,0.509491,0.494760,0.476875,0.522771,0.557116,0.513540, 
785,0.461665,0.438866,0.379181,0.566727,0.510150,0.485888,0.473746, 
786,0.529645,0.733355,0.666686,0.600017,0.543226,0.756636,0.638261, 
787,0.382919,0.453722,0.462024,0.493852,0.642634,0.571209,0.501060, 
788,0.078597,0.500721,0.405633,0.837004,0.818939,0.943651,0.597424, 
789,0.492806,0.474467,0.587502,0.440627,0.519063,0.413087,0.487925, 
790,0.705556,0.585882,0.686486,0.518367,0.544286,0.656897,0.616246, 
791,0.542138,0.337405,0.441070,0.505225,0.541160,0.672049,0.506508, 
792,0.469676,0.507250,0.461136,0.563611,0.568347,0.624308,0.532388, 
793,0.560278,0.466841,0.475265,0.475265,0.390001,0.419251,0.464484, 
794,0.387281,0.366382,0.710015,0.578339,0.442607,0.626484,0.518518, 
795,0.269767,0.719545,0.698588,0.562145,0.527667,0.599621,0.562889, 
796,0.456506,0.453969,0.674524,0.595442,0.595442,0.507229,0.547185, 
797,0.391385,0.426965,0.450548,0.482529,0.525529,0.543046,0.470000, 
798,0.545810,0.573154,0.547511,0.627740,0.528929,0.659127,0.580378, 
799,0.465503,0.477439,0.557355,0.495216,0.450117,0.665137,0.518461, 
800,0.541217,0.502284,0.573215,0.501563,0.442556,0.596371,0.526201, 
801,0.551442,0.489182,0.415064,0.520312,0.506971,0.504384,0.497892, 
802,0.454880,0.558262,0.326777,0.705849,0.702997,0.372004,0.520128, 
803,0.596288,0.460519,0.733750,0.628697,0.648163,0.295522,0.560490, 
804,0.743960,0.565111,0.430536,0.586511,0.686635,0.759372,0.628688, 
805,0.373316,0.178676,0.142711,0.502770,0.550185,0.926883,0.445757, 
806,0.585276,0.531679,0.478511,0.486749,0.471261,0.616686,0.528360, 
807,0.811197,0.462299,0.660051,0.485332,0.485332,0.692486,0.599449, 
808,0.598744,0.561785,0.606727,0.541721,0.554319,0.650065,0.585560, 
809,0.733304,0.760337,0.451433,0.432841,0.739792,0.739792,0.642917, 
810,0.080016,0.613203,0.521921,0.405515,0.889145,0.815550,0.554225, 
811,0.467539,0.512962,0.417077,0.495825,0.379777,0.428085,0.450211, 
812,0.547097,0.509643,0.714574,0.555974,0.624052,0.624052,0.595899, 
813,0.387069,0.464283,0.497447,0.568006,0.589016,0.504656,0.501746, 
814,0.469923,0.452405,0.622790,0.568039,0.568039,0.524545,0.534290, 
815,0.292745,0.265420,0.565339,0.580233,0.501608,0.578187,0.463922, 
816,0.607966,0.477840,0.372522,0.663235,0.677988,0.751667,0.591870, 
817,0.571243,0.504242,0.380170,0.665600,0.665600,0.453269,0.540021, 
818,0.491534,0.613558,0.507682,0.437727,0.449943,0.459390,0.493306, 
819,0.532361,0.503175,0.645286,0.570387,0.684464,0.578769,0.585741, 
820,0.630579,0.531321,0.804645,0.588541,0.574747,0.580797,0.618438, 
821,0.612617,0.501609,0.464452,0.635784,0.443953,0.476838,0.522542, 
822,0.507089,0.470868,0.457788,0.437666,0.606640,0.544163,0.504036, 
823,0.313442,0.518535,0.414710,0.513678,0.541345,0.711274,0.502164, 
824,0.339874,0.630877,0.460014,0.501834,0.568823,0.595677,0.516183, 
825,0.514101,0.520676,0.548053,0.491749,0.616921,0.536454,0.537992, 
826,0.872421,0.585384,0.690653,0.626353,0.591271,0.872421,0.706417, 
827,0.551021,0.541002,0.608628,0.511416,0.561900,0.719589,0.582259, 
828,0.421305,0.480489,0.455293,0.586644,0.670091,0.623556,0.539563, 
829,0.477403,0.497294,0.677794,0.564670,0.564670,0.647639,0.571578, 
830,0.273563,0.345338,0.756830,0.306080,0.673600,0.615694,0.495184, 
831,0.565279,0.518173,0.483270,0.493725,0.576935,0.559038,0.532737, 
832,0.579213,0.470785,0.561661,0.514856,0.654155,0.517355,0.549671, 
833,0.589091,0.476471,0.324000,0.525405,0.525405,0.525405,0.494296, 
834,0.422842,0.737853,0.593675,0.466374,0.664798,0.622772,0.584719, 
835,0.440551,0.478918,0.369576,0.489249,0.701123,0.561614,0.506839, 
836,0.537879,0.590355,0.504261,0.612069,0.691558,0.592845,0.588161, 
837,0.326883,0.131296,0.053579,0.721264,0.527071,0.620308,0.396733, 
838,0.468825,0.470724,0.347049,0.502313,0.540952,0.589306,0.486528, 
839,0.427632,0.419239,0.620460,0.480426,0.472352,0.526916,0.491171, 
840,0.528399,0.492048,0.522222,0.613965,0.445711,0.537419,0.523294, 
841,0.472578,0.713826,0.713826,0.636655,0.628167,0.547820,0.618812, 
842,0.234730,0.548394,0.554825,0.534774,0.652047,0.653035,0.529634, 
843,0.592999,0.458613,0.413690,0.628862,0.582657,0.684657,0.560246, 
844,0.600985,0.483723,0.558142,0.613956,0.575979,0.669770,0.583759, 
845,0.541018,0.707562,0.515255,0.566781,0.566781,0.720190,0.602931, 
846,0.462696,0.150203,0.282554,0.286374,0.164298,0.859031,0.367526, 
847,0.517511,0.451796,0.575013,0.575013,0.726100,0.498806,0.557373, 
848,0.413957,0.458537,0.465701,0.453760,0.510480,0.501525,0.467327, 
849,0.627487,0.611454,0.345087,0.424104,0.177791,0.346200,0.422021, 
850,0.393393,0.511095,0.424602,0.516907,0.390744,0.566136,0.467146, 
851,0.271884,0.632371,0.226495,0.860917,0.432181,0.809616,0.538911, 
852,0.419835,0.236129,0.582656,0.484615,0.494708,0.573137,0.465180, 
853,0.932280,0.454008,0.271575,0.056948,0.746640,0.316708,0.463027, 
854,0.243838,0.467046,0.467046,0.580041,0.518691,0.703525,0.496698, 
855,0.533770,0.693901,0.440360,0.462697,0.619554,0.492711,0.540499, 
856,0.514860,0.655152,0.545370,0.729104,0.610691,0.545370,0.600091, 
857,0.875995,0.497825,0.685761,0.718319,0.661855,0.536881,0.662773, 
858,0.513059,0.428164,0.425106,0.462670,0.632873,0.495073,0.492824, 
859,0.520551,0.544954,0.468496,0.479723,0.450569,0.494260,0.493092, 
860,0.478251,0.383142,0.606472,0.494017,0.693997,0.721212,0.562848, 
861,0.638448,0.385380,0.506871,0.493704,0.687669,0.406594,0.519778, 
862,0.624908,0.422551,0.766852,0.603644,0.452722,0.603644,0.579054, 
863,0.613714,0.610227,0.496338,0.520727,0.502456,0.542424,0.547648, 
864,0.497453,0.501119,0.483582,0.424862,0.459359,0.571685,0.489677, 
865,0.460120,0.468317,0.575597,0.446419,0.443589,0.546541,0.490097, 
866,0.530418,0.265226,0.578947,0.150685,0.552555,0.387689,0.410920, 
867,0.505341,0.610571,0.577532,0.661756,0.567219,0.649724,0.595357, 
868,0.676214,0.595764,0.548247,0.548247,0.632853,0.632853,0.605696, 
869,0.487554,0.563395,0.599912,0.702726,0.756410,0.535458,0.607576, 
870,0.493953,0.393795,0.632561,0.499834,0.493953,0.468514,0.497102, 
871,0.425867,0.454258,0.506437,0.539432,0.471400,0.539432,0.489471, 
872,0.566114,0.458335,0.669044,0.833300,0.683668,0.653114,0.643929, 
873,0.351695,0.490459,0.468811,0.557751,0.457762,0.447590,0.462345, 
874,0.268023,0.462440,0.539514,0.481188,0.539514,0.441784,0.455410, 
875,0.646804,0.774432,0.636707,0.274711,0.205978,0.611501,0.525022, 
876,0.402856,0.434829,0.581904,0.559229,0.422750,0.638217,0.506631, 
877,0.368736,0.479859,0.489127,0.445324,0.608022,0.850359,0.540238, 
878,0.638633,0.559452,0.453250,0.481578,0.492186,0.553815,0.529819, 
879,0.452330,0.481202,0.544899,0.586756,0.436984,0.376942,0.479852, 
880,0.527583,0.429991,0.399272,0.479493,0.425032,0.427951,0.448220, 
881,0.437638,0.544090,0.598001,0.486030,0.529728,0.667678,0.543861, 
882,0.546800,0.461072,0.486943,0.678720,0.526921,0.785076,0.580922, 
883,0.503250,0.759299,0.572324,0.615274,0.581271,0.789431,0.636808, 
884,0.443304,0.454529,0.521315,0.547823,0.471440,0.375937,0.469058, 
885,0.488525,0.484553,0.384516,0.536937,0.484553,0.551852,0.488489, 
886,0.536111,0.317986,0.458718,0.728302,0.571852,0.659829,0.545466, 
887,0.558586,0.429276,0.499788,0.593498,0.632453,0.712197,0.570966, 
888,0.491630,0.586232,0.495167,0.495167,0.517609,0.469220,0.509171, 
889,0.592482,0.537705,0.585501,0.537705,0.787398,0.529739,0.595088, 
890,0.509091,0.509091,0.727273,0.643678,0.643678,0.727273,0.626681, 
891,0.497068,0.495457,0.395003,0.480443,0.510968,0.430490,0.468238, 
892,0.466644,0.515642,0.505531,0.501814,0.616797,0.471829,0.513043, 
893,0.504103,0.508767,0.635959,0.547903,0.555019,0.461070,0.535470, 
894,0.644015,0.550341,0.524134,0.645733,0.645733,0.563553,0.595585, 
895,0.475031,0.481433,0.512695,0.466086,0.501302,0.665351,0.516983, 
896,0.475209,0.445509,0.445509,0.449059,0.445509,0.394317,0.442519, 
897,0.438469,0.379444,0.511088,0.466174,0.413939,0.490611,0.449954, 
898,0.764326,0.624310,0.301226,0.235039,0.547217,0.759647,0.538628, 
899,0.551357,0.510347,0.365389,0.645351,0.623758,0.734435,0.571773, 
900,0.566555,0.716107,0.476273,0.588774,0.488622,0.595139,0.571912, 
901,0.532248,0.512325,0.685982,0.467911,0.527850,0.664463,0.565130, 
902,0.498876,0.391970,0.328273,0.507275,0.751694,0.700442,0.529755, 
903,0.537076,0.324069,0.566419,0.755263,0.629904,0.523292,0.556004, 
904,0.346082,0.371157,0.507722,0.507722,0.560618,0.425527,0.453138, 
905,0.313646,0.689189,0.689189,0.862745,0.559622,0.552198,0.611098, 
906,0.828128,0.705156,0.630954,0.666804,0.696260,0.543322,0.678437, 
907,0.492686,0.514733,0.624315,0.514747,0.514747,0.577842,0.539845, 
908,0.615741,0.480213,0.476879,0.574489,0.536488,0.524835,0.534774, 
909,0.529148,0.491351,0.477703,0.515208,0.541932,0.444758,0.500017, 
910,0.386675,0.584385,0.758467,0.668237,0.632997,0.743401,0.629027, 
911,0.491583,0.558227,0.539995,0.659657,0.415526,0.491583,0.526095, 
912,0.577450,0.656194,0.506535,0.738218,0.702304,0.615688,0.632732, 
913,0.484032,0.302324,0.738188,0.298243,0.651452,0.773790,0.541338, 
914,0.561942,0.406050,0.523424,0.472507,0.486502,0.424577,0.479167, 
915,0.459975,0.393218,0.452082,0.429249,0.459723,0.512768,0.451169, 
916,0.583007,0.563852,0.563852,0.527428,0.523577,0.581753,0.557245, 
917,0.645366,0.533377,0.484888,0.597382,0.608745,0.492348,0.560351, 
918,0.445830,0.402646,0.621325,0.375548,0.551175,0.658981,0.509251, 
919,0.757143,0.789474,0.445358,0.778302,0.656157,0.904051,0.721748, 
920,0.471075,0.472417,0.575759,0.495253,0.585080,0.574482,0.529011, 
921,0.536302,0.574763,0.574387,0.536345,0.686073,0.531320,0.573198, 
922,0.625479,0.518762,0.667962,0.553784,0.619161,0.456852,0.573666, 
923,0.197314,0.669701,0.602731,0.717537,0.556678,0.527489,0.545242, 
924,0.351692,0.450823,0.449655,0.394470,0.569072,0.459885,0.445933, 
925,0.370816,0.555362,0.473821,0.582286,0.595846,0.514063,0.515366, 
926,0.598505,0.602661,0.595991,0.685595,0.758594,0.665005,0.651059, 
927,0.612005,0.543032,0.482695,0.482695,0.636279,0.646068,0.567129, 
928,0.704514,0.576420,0.512374,0.619353,0.626235,0.763931,0.633804, 
929,0.368502,0.560869,0.609135,0.440605,0.757270,0.704529,0.573485, 
930,0.201457,0.523206,0.324359,0.732738,0.731475,0.815726,0.554827, 
931,0.509817,0.534004,0.390967,0.456785,0.478935,0.437883,0.468065, 
932,0.430723,0.564042,0.639248,0.599052,0.583133,0.583133,0.566555, 
933,0.506766,0.419612,0.556870,0.593967,0.475057,0.679765,0.538673, 
934,0.515462,0.530850,0.637299,0.467353,0.458189,0.576188,0.530890, 
935,0.589088,0.429921,0.545598,0.632946,0.527261,0.461898,0.531119, 
936,0.655098,0.693633,0.704037,0.796741,0.538213,0.715309,0.683839, 
937,0.580259,0.475718,0.412289,0.570187,0.569100,0.412289,0.503307, 
938,0.404679,0.463299,0.406658,0.417622,0.476488,0.486583,0.442555, 
939,0.365250,0.487000,0.639188,0.595408,0.461054,0.506744,0.509107, 
940,0.658532,0.604924,0.751585,0.687164,0.644216,0.658532,0.667492, 
941,0.592578,0.639533,0.482841,0.451488,0.569911,0.569911,0.551044, 
942,0.593938,0.323106,0.473519,0.793316,0.603947,0.486261,0.545681, 
943,0.547889,0.821833,0.661216,0.782698,0.547889,0.805719,0.694541, 
944,0.561666,0.629663,0.581689,0.436267,0.737186,0.762448,0.618153, 
945,0.487170,0.452237,0.564675,0.556119,0.555988,0.672804,0.548165, 
946,0.470663,0.445221,0.472507,0.568466,0.523367,0.456255,0.489413, 
947,0.461414,0.556585,0.532030,0.480027,0.434832,0.453541,0.486405, 
948,0.497403,0.497403,0.473717,0.526099,0.526099,0.703398,0.537353, 
949,0.537599,0.505975,0.648012,0.505975,0.689014,0.789241,0.612636, 
950,0.751668,0.236900,0.409122,0.788635,0.731451,0.929032,0.641135, 
951,0.530292,0.396553,0.484676,0.400599,0.457315,0.510456,0.463315, 
952,0.779438,0.543244,0.484954,0.632720,0.605942,0.605942,0.608707, 
953,0.227597,0.418624,0.608478,0.589630,0.657924,0.880616,0.563811, 
954,0.437481,0.494192,0.575079,0.434889,0.464111,0.464111,0.478310, 
955,0.420899,0.595576,0.561543,0.423738,0.561543,0.732572,0.549312, 
956,0.598848,0.641623,0.469712,0.331096,0.866754,0.677192,0.597538, 
957,0.756409,0.505764,0.566259,0.556688,0.647154,0.530213,0.593748, 
958,0.693832,0.611088,0.490953,0.454482,0.628190,0.611802,0.581725, 
959,0.467699,0.417421,0.586850,0.514468,0.560863,0.590563,0.522977, 
960,0.508730,0.381382,0.707703,0.576694,0.583022,0.609598,0.561188, 
961,0.331331,0.564703,0.507351,0.535227,0.601539,0.414053,0.492367, 
962,0.516227,0.804829,0.619426,0.442656,0.804829,0.787565,0.662589, 
963,0.600141,0.667046,0.541268,0.866029,0.767617,0.738093,0.696699, 
964,0.505277,0.470911,0.471358,0.444749,0.520014,0.620255,0.505427, 
965,0.400239,0.506970,0.633712,0.669200,0.669200,0.569048,0.574728, 
966,0.467531,0.544216,0.587753,0.551019,0.446063,0.529124,0.520951, 
967,0.411282,0.439084,0.618251,0.521046,0.412720,0.601105,0.500581, 
968,0.656740,0.563476,0.534297,0.561797,0.565361,0.618705,0.583396, 
969,0.480378,0.389276,0.460218,0.697084,0.645079,0.724421,0.566076, 
970,0.489408,0.462219,0.594281,0.547238,0.542604,0.745328,0.563513, 
971,0.455679,0.429640,0.563902,0.580990,0.524202,0.478463,0.505479, 
972,0.124531,0.186212,0.756962,0.893394,0.709837,0.780068,0.575167, 
973,0.421253,0.396874,0.461451,0.469372,0.390623,0.486992,0.437761, 
974,0.550111,0.884107,0.562614,0.785306,0.476058,0.808514,0.677785, 
975,0.297549,0.611462,0.444994,0.635436,0.541006,0.556006,0.514409, 
976,0.582333,0.845000,0.765774,0.600917,0.276247,0.601563,0.611972, 
977,0.454616,0.494730,0.463809,0.556571,0.424054,0.570842,0.494104, 
978,0.599000,0.599000,0.565652,0.281563,0.748750,0.753983,0.591325, 
979,0.604951,0.504090,0.412543,0.493146,0.478275,0.445301,0.489717, 
980,0.650652,0.517363,0.517363,0.536067,0.741602,0.507841,0.578481, 
981,0.568319,0.760364,0.582891,0.652615,0.500508,0.519431,0.597354, 
982,0.580636,0.532249,0.653215,0.621266,0.725795,0.601646,0.619134, 
983,0.563093,0.428320,0.481860,0.615310,0.453031,0.451204,0.498803, 
984,0.553628,0.657407,0.640492,0.493056,0.484807,0.563492,0.565480, 
985,0.427825,0.531332,0.558713,0.477775,0.538368,0.482675,0.502781, 
986,0.450178,0.394981,0.364430,0.572676,0.655974,0.572676,0.501819, 
987,0.353528,0.654474,0.654474,0.269620,0.608038,0.768929,0.551510, 
988,0.419507,0.241446,0.641972,0.520574,0.555553,0.315312,0.449061, 
989,0.544563,0.444024,0.700153,0.712853,0.544563,0.471202,0.569560, 
990,0.664696,0.559744,0.417809,0.417809,0.699680,0.496696,0.542739, 
991,0.519531,0.587374,0.775008,0.534153,0.576885,0.724682,0.619606, 
992,0.402346,0.478984,0.479758,0.486353,0.426584,0.607450,0.480246, 
993,0.413943,0.419216,0.439901,0.522383,0.573948,0.504642,0.479006, 
994,0.408195,0.597043,0.657707,0.634482,0.578780,0.478289,0.559083, 
995,0.554231,0.536058,0.645713,0.599577,0.679259,0.650300,0.610856, 
996,0.436364,0.608970,0.372113,0.644666,0.525035,0.728791,0.552656, 
997,0.532994,0.496035,0.438790,0.589884,0.516398,0.446685,0.503464, 
998,0.230166,0.437181,0.394677,0.514331,0.514331,0.519216,0.434984, 
999,0.631690,0.558975,0.477145,0.580754,0.379239,0.552920,0.530120, 
1000,0.184211,0.285714,0.285714,0.285714,0.071429,0.250000,0.227130, 
